:020000040800F2
:1000000000800020E9830008290300082D03000870
:100010003103000835030008390300080000000020
:100020000000000000000000000000003D03000888
:100030004103000800000000450300088113000888
:1000400031840008318400083184000831840008BC
:1000500031840008318400083184000831840008AC
:10006000318400083184000831840008318400089C
:10007000318400083184000831840008318400088C
:100080003184000831840008991200083184000886
:10009000318400083184000831840008318400086C
:1000A00055120008FD0C0008FD12000831840008FC
:1000B000318400083184000831840008318400084C
:1000C000318400083184000831840008318400083C
:1000D000318400081D4F0008318400083184000875
:1000E000A519000831840008318400083184000813
:1000F00031840008318400083184000800000000C9
:100100000000000031840008318400080000000075
:100110003184000831840008000000000000000065
:1001200031840008318400083184000831840008DB
:1001300000000000000000000000000000000000BF
:1001400000000000000000000000000000000000AF
:1001500031840008318400083184000831840008AB
:10016000318400083184000831840008318400089B
:1001700010B541EC100B43EC112B0AF083FC002866
:1001800001D0002010BD012010BD00BF10B541EC12
:10019000100B43EC112B0AF075FC002801DB00204A
:1001A00010BD012010BD00BF10B541EC100B43EC99
:1001B000112B0AF067FC002801DD002010BD012092
:1001C00010BD00BF10B541EC100B43EC112B0AF031
:1001D00091FC002801DA002010BD012010BD00BFF5
:1001E00010B541EC100B43EC112B0AF083FC0028F6
:1001F00001DC002010BD012010BDD4D47047D4D440
:1002000080B582B00020019000F04EF8FFF7F6FFB5
:1002100004F042F804F08CF800F032FC00F0D0FC5E
:1002200000F092F800F0F0F900F0F6FA00F0B8F8FB
:1002300000F098FB00F032FD40F27850C2F200006E
:1002400002F0D6F940F2D840C2F2000000F0ACFB58
:1002500004F0ACFD04F024FE07F0FEFF4FF4FA704A
:1002600004F082F808F00CF807F0C2FF08F022F959
:10027000014640F20270C2F200000170007808F0FE
:100280001FF940F2B661C2F20001087007F058FE93
:1002900000F0B8FC40F28C50C2F2000003F030FED7
:1002A000FFE703F057FEFCE780B584B001F0ACFF38
:1002B0000121084602F068F8FFE702F009F808B9E2
:1002C000FFE7FAE70220029031210122039202F0B7
:1002D00005F90298039902F057F8FFE7192001F099
:1002E000D7FF012801D0FFE7F8E7002002F0A0F8CF
:1002F0000420019002F0C4F8019802F0ADF801204A
:1003000002F05AFA022002F047F9FFE702F068F91A
:10031000022801D0FFE7F9E7002002F04DFA01F0D2
:10032000C9FB04B080BDD4D47047D4D4FFE7FEE746
:10033000FFE7FEE7FFE7FEE7FFE7FEE77047D4D4FD
:100340007047D4D47047D4D480B582B0032003F072
:1003500029F8182000220192114602F091FF019A1B
:100360001920022102F08CFF019A1220012102F0D3
:1003700087FF019A1A20042102F082FF019A4FF0B0
:10038000FF30052102F07CFF019A2820072102F0AE
:1003900077FF019A2520082102F072FF02B080BD8C
:1003A00080B594B000200B90139012908DF83E0011
:1003B000ADF83C000E900B20C0F2180001210D9109
:1003C00001F0B8FF0D990220C0F21800019001F071
:1003D000B1FF01980D9901F0ADFF01980D9901F061
:1003E000A9FF0D990320C0F21800009001F0A2FFB0
:1003F00000980D9901F09EFF00980D9901F09AFF69
:1004000000980D9901F096FF01980D9901F092FF67
:1004100012A8049002F04AFE04990B9A0D98082342
:100420008DF84E308DF84C2028228DF84D208DF817
:100430004F004FF48070129040F60000C4F20100AB
:10044000039002F093FD039804994FF40072129206
:1004500002F08CFD039804994FF48062129202F02E
:1004600085FD049918208DF84D004FF4005012902E
:1004700040F60040C4F20100029002F077FD0298BD
:1004800004994FF48042129202F070FD0298049990
:100490004FF40042129202F069FD029804994FF461
:1004A00080521292042206928DF84D2002F05EFDD9
:1004B00003980499069A4FF4006312938DF84D2027
:1004C00002F054FD0D9942F60040C4F201000C9078
:1004D00003F018F80B9A0C9841F66A0102F0DCFF61
:1004E0000C9802210A9102F0FBFF0A990C9802F085
:1004F000E5FF0B990C9840F63542059203F006F99A
:10050000059A0A990C9803F001F9059A06990C9836
:1005100003F0FCF80DF14100079002F095FF079AF7
:100520000B990C980D9B4FF0060CCDF820C08DF860
:1005300041C08DF846308DF844108DF842108DF88A
:1005400047308DF845308DF8433002F0E9FF079AC7
:100550000A990C9802F0E4FF0699079A0C9802F0A9
:10056000DFFF0B990C980D9A03F0FAF80A990C9892
:100570000D9A03F0F5F806990C980D9A03F0F0F82F
:10058000079A08990C988DF8411002F0C9FF089954
:100590000C9841F6690203F0B9F80EA8099002F030
:1005A00067FF09990B9A0C980D9B8DF83E308DF8DA
:1005B0003B204FF00F0C8DF838C08DF83D308DF892
:1005C0003C308DF839208DF83A2003F0F3F90A9980
:1005D0000C9803F08BF90C98912103F0CFF90C984B
:1005E0000D9A114603F094F90C980D9A802103F0AE
:1005F0008FF90B990C9803F0FDF80C980D9903F006
:10060000C7F914B080BDD4D480B598B000200C9048
:10061000179016900320089001F046FF0920C0F2C1
:10062000180001210F9101F085FE0F994FF4A010E1
:1006300001F080FE0F990220C0F21800019001F035
:1006400079FE0F990320C0F2180001F073FE0F9994
:100650000420C0F21800009001F06CFE00980F9981
:1006600001F068FE01980F9901F064FE01980F995E
:1006700001F060FE01980F9901F05CFE16A804904D
:1006800002F014FD049908988DF85E00042009908A
:100690008DF85C008DF85D001020169040F600008B
:1006A000C4F20100039002F061FC0499022007905B
:1006B000169040F60040C4F2010002F057FC049985
:1006C0000F98169041F20000C4F20100029002F06F
:1006D0004DFC029804990822169202F047FC0398F8
:1006E00004992022169202F041FC039804994022BA
:1006F000169202F03BFC039804998022169202F0B5
:1007000035FC0820C4F20200069002F071F810A82F
:10071000059002F08BF905990698079BDDF830C02B
:100720000F9A4FF0070ECDF834E0ADF84AE0ADF87F
:1007300048C040F2905EC2F2000ECDF844E08DF861
:100740004F208DF84D2042F24C4EC4F2010ECDF8F0
:1007500040E08DF84E208DF84CC08DF851308DF86A
:10076000502002F07DF90F9A0020C4F202001146D9
:1007700002F0CAF806980F9902F0B8F80C9801F048
:1007800069FA0C990D980F9A8DF854208DF8551030
:100790008DF856108DF8570042F20040C4F2010067
:1007A0000E9015A901F06AFA0C9B0E980F9A05217C
:1007B0000A9101F001FB079A0C9B0E9806210B9100
:1007C00001F0FAFA089A0C9B0D990E9801F0F4FAD0
:1007D000099A0C9B0E98114601F0EEFA0A9A0C9BAE
:1007E0000E98092101F0E8FA0B9A0C9B0E980A2149
:1007F00001F0E2FA0C9B0D9A0E980D2101F0DCFA43
:100800000D990E980F9A01F029FC0E980F9901F09E
:1008100067FA18B080BDD4D480B58EB0002008909F
:100820000D900C900320079001F03EFE0920C0F2CD
:10083000180001210A9101F07DFD0A990220C0F201
:100840001800029001F076FD02980A9901F072FDFD
:1008500002980A9901F06EFD0CA8059002F026FCA2
:100860000599079A0A988DF83620042203928DF88C
:1008700034208DF835200C9040F60000C4F20100C1
:10088000049002F073FB04980599022206920C92E0
:1008900002F06CFB039A049805990C9202F066FB37
:1008A000089801F0D7F908980A998DF82C108DF85E
:1008B0002D008DF82E0007208DF82F0042F2004009
:1008C000C4F2010009900BA901F0D8F90799099821
:1008D00001F024FB089B09980A9A194601F030FBA5
:1008E000069A089B09980A9901F02AFB0699079A2B
:1008F000089B099801F024FB09980A9A114601F017
:10090000E7FB42F20840C4F201000068C00730BBB8
:10091000FFE742F20040C4F201000190012101F022
:100920008BF9019801F00CFAFFE742F20040C4F2A3
:10093000010001F00FFA08B1FFE7F6E742F20040CC
:10094000C4F2010001F01AFAFFE742F20040C4F2DB
:10095000010001F01DFA08B1FFE7F6E7FFE70EB06E
:1009600080BDD4D480B582B01520C0F2180001211A
:10097000019101F0DFFC45F20040C4F2010000905B
:1009800040F2E731C72202F087FD0098002102F013
:10099000A7FD0098019A114602F0BAFF009801994C
:1009A00002F044FD02B080BD80B588B00790079882
:1009B00040680121049101F0BDFC0499079880680A
:1009C00001F0B8FC04990798C06801F0B3FC05A8D1
:1009D000029002F06BFB029904988DF81B00002036
:1009E00003908DF8180008208DF81A0007984069C8
:1009F0000590042001908DF819000798006902F015
:100A0000B5FA01980299039A8DF818008DF81A200A
:100A1000079AD26905928DF819000798806902F04B
:100A2000A5FA04990798006A02F070FB039B0798E7
:100A30000168806A1A4603F00DF804990798806AE5
:100A400003F082F804990798806A03F08FF80499FC
:100A50000798806A03F0C0F804990798806A03F049
:100A6000CDF8049A0798806A0421C0F20C0103F0C3
:100A70008FF804990798806A03F054F808B080BD95
:100A800080B58AB00220C0F218000121019101F066
:100A900051FC01984FF4805102910591002103917E
:100AA0008DF81A1004218DF8181018218DF81910DE
:100AB0008DF81B0040F60000C4F2010005A902F009
:100AC00055FA01994FF4C01001F034FC03980C2141
:100AD00002F068FB07A8049002F022F8019B029A3A
:100AE000039904988DF825308DF81C1008928DF824
:100AF000241002F023F80AB080BDD4D480B586B0AB
:100B00000420C0F2180000900121019101F012FCB4
:100B10000098019901F00EFC0098019901F00AFC7F
:100B200001990320C0F2180001F004FC04A803900E
:100B300002F0BCFA019803998DF8170000208DF897
:100B4000140010208DF8160004208DF815004FF4C5
:100B50000050049041F20000C4F20100029002F043
:100B600005FA029803994FF48042049202F0FEF9CC
:100B7000029803994FF40042049202F0F7F90399A6
:100B80004FF40070049040F60040C4F2010002F0FF
:100B9000EDF906B080BDD4D482B00190ADF802105A
:100BA000BDF802000199486102B0704782B001901F
:100BB000ADF80210BDF802000199086102B070475B
:100BC00080B582B0FFF79AFF41F20000C4F2010045
:100BD00001904FF40051FFF7E9FF01984FF4804175
:100BE000FFF7E4FF01984FF40041FFF7DFFF40F605
:100BF0000040C4F201004FF40071FFF7D7FF02B0CC
:100C000080BDD4D480B588B000208DF81F00FFE7E8
:100C10009DF81F0002283FDCFFE741F20000C4F20C
:100C2000010002904FF400510091FFF7B5FF0298C8
:100C30004FF480410191FFF7AFFF02984FF400415C
:100C40000391FFF7A9FF40F60040C4F201000490B1
:100C50004FF400710591FFF79FFF4FF4FA70069073
:100C600003F082FB00990298FFF7A0FF0199029818
:100C7000FFF79CFF02980399FFF798FF04980599E6
:100C8000FFF794FF069803F06FFBFFE79DF81F0046
:100C900001308DF81F00BBE708B080BD80B586B07D
:100CA0000720C0F2180000900121019101F042FBE1
:100CB0000098019901F03EFB04A8039002F0F6F9B8
:100CC000019803998DF8170004208DF81400002274
:100CD0008DF816208DF815004020049041F6004054
:100CE000C4F20100029002F041F9029803998022B7
:100CF000049202F03BF906B080BDD4D480B592B026
:100D000042F60040C4F20100012102F01FFE00285B
:100D100000F09D82FFE742F60040C4F2010001218D
:100D200002F02CFE07F028FB40F23820C2F200004F
:100D300090F83D00012811D1FFE740F23820C2F2BF
:100D4000000090F83C00012807D1FFE740F238206E
:100D5000C2F2000008F01CF9FFE7FFE740F2B460C0
:100D6000C2F20000007840F2B561C2F200010978D9
:100D7000084200F04282FFE740F23C60C2F200000D
:100D80000078002877D1FFE740F22800C2F2000087
:100D90000F9040F23E61C2F200010C9103F0A2FB01
:100DA0000C98018840F21070C2F200000180B0F986
:100DB000000003F013FBADF84400000CADF8460052
:100DC00040F2A051C2F200010E91BDF846004880E9
:100DD000BDF84400088040F24C01C2F200010D91C0
:100DE00001F10A00163103F011FB0D980E9903F082
:100DF00025FB0F98B0F90400002807D4FFE740F264
:100E00000841C2F200010120087506E040F20841E5
:100E1000C2F20001FF200875FFE740F21820C2F27D
:100E20000000099003F0A0FF099940F22040C2F2AF
:100E300000000A9007F02AFE01460A988186C16BDD
:100E400040F20020C2F2000003F016FE0A99086486
:100E500040F22800C2F200000B9007F088FD0B98CA
:100E600040F2A051C2F2000103F012FB07F08EFA2B
:100E700007F098FAC0E140F23C60C2F2000000784E
:100E8000052811D0FFE740F23C60C2F20000007874
:100E9000042809D0FFE740F23C60C2F2000000786D
:100EA000012840F0C280FFE740F20840C2F2000093
:100EB000407D012845D0FFE740F23C60C2F20000CF
:100EC000007805280FD1FFE740F2A860C2F20000C9
:100ED0000068002807D4FFE740F20841C2F2000191
:100EE000012008751FE040F23C60C2F2000000786B
:100EF000042810D1FFE740F24C00C2F20000B0F924
:100F00001E00002807D4FFE740F20841C2F20001AA
:100F10000120087506E040F20841C2F20001FF20FE
:100F20000875FFE7FFE740F20840C2F200000890B2
:100F300041F6D031C2F2000107F03AFD0899487538
:100F4000FFE740F20840C2F20000807D58B1FFE7A1
:100F500040F22040C2F20000808E40F21071C2F2D6
:100F60000001088060E040F20840C2F20000407DCD
:100F700000284DD0FFE740F22040C2F20000808EF2
:100F800040F21071C2F20001088040F20841C2F242
:100F90000001487D887540F23C60C2F20000007894
:100FA000052834D1FFE740F20840C2F2000090F972
:100FB000140001280DD1FFE740F20840C2F2000002
:100FC000B0F91000400840F24C01C2F20001C883A1
:100FD0000EE040F20840C2F20000B0F9101000200C
:100FE000A0EB510040F24C01C2F20001C883FFE7C0
:100FF00040F24C00C2F20000B0F91E1040F248600E
:10100000C2F20000428C914003F0F2FBFFE70AE0DD
:1010100040F20840C2F20000408A40F21071C2F271
:1010200000010880FFE7FFE7FFE740F21070C2F21F
:101030000000B0F9000003F0D1F9ADF84000000C59
:10104000ADF8420040F2A051C2F200010491BDF897
:1010500042004880BDF84000088040F24C01C2F2D6
:101060000001079101F10A00163103F0CFF904994C
:10107000079803F0E3F940F21820C2F2000005904F
:1010800003F072FE059940F22040C2F20000069083
:1010900007F0FCFC014606988186C16B40F20020F7
:1010A000C2F2000003F0E8FC069A014607981164BA
:1010B000828B40F2FE61C2F200014A80408B0880C0
:1010C00040F20840C2F20000407D012810D0FFE746
:1010D00040F23C60C2F200000078022808D0FFE72E
:1010E00040F23C60C2F20000007803280DD1FFE717
:1010F00040F24C00C2F20000028C41F6D031C2F244
:1011000000014A80C08B0880FFE740F23C60C2F2D9
:1011100000000078062820D0FFE740F23C60C2F2D1
:1011200000000078052818D0FFE740F23C60C2F2CA
:1011300000000078042810D0FFE740F23C60C2F2C3
:1011400000000078022808D0FFE740F23C60C2F2BD
:1011500000000078032830D1FFE741F6D030C2F21A
:1011600000000090B0F9020040F2FE61C2F20001FE
:101170000191B1F90210411A40F26810C2F2000068
:1011800007F0F6FA014640F22800C2F20000039090
:10119000C18040F23811C2F20001029107F0CEFB8B
:1011A0000099019A0298B1F90010B2F90020891A49
:1011B00007F0DEFA039988800FE040F23C60C2F24B
:1011C00000000078012807D1FFE740F22800C2F2B2
:1011D000000007F0CCFBFFE7FFE740F22800C2F277
:1011E000000040F2A051C2F2000103F051F907F0F3
:1011F000CDF807F0D7F8FFE7FFE740F29E51C2F2C3
:10120000000108780130087040B240F2BA61C2F2C1
:101210000001097C884219DBFFE740F21070C2F23E
:101220000000008840F2BA61C2F20001888140F2F9
:101230001870C2F200000068C88106F087FD40F215
:101240009E51C2F2000100200870FFE7FFE712B0D4
:1012500080BDD4D480B542F60040C4F201008021A4
:1012600002F074FBB0B1FFE742F60040C4F20100A7
:10127000802102F083FB40F2B610C2F20000007839
:1012800000F0080240F2B961C2F200010878104390
:101290000870FFE780BDD4D480B542F20040C4F2AC
:1012A0000100042100F08CFF30B3FFE742F2004060
:1012B000C4F20100042100F09DFF40F2B860C2F2C8
:1012C0000000007802280BD0FFE740F24C00C2F289
:1012D000000040F29A11C2F2000103F0E5F90AE0C1
:1012E00040F2B440C2F2000040F24C01C2F20001F0
:1012F00007F034FDFFE7FFE780BDD4D480B545F2A9
:101300000040C4F20100012102F020FBB0B3FFE76E
:1013100045F20040C4F20100012102F02FFB40F22F
:10132000B860C2F200000078042826D1FFE740F23E
:101330003C60C2F20000007805281DD1FFE740F2B2
:10134000A860C2F20000406840F21471C2F20001CD
:101350000968411A40F2A450C2F20000016001681D
:1013600040F24860C2F2000007F002FA40F24C017D
:10137000C2F20001C883FFE7FFE7FFE780BDD4D4D6
:1013800080B584B040F22040C2F20000006C40F210
:101390001471C2F20001086040F21C70C2F2000039
:1013A0000068096803F0ACFA40F21871C2F200015B
:1013B000086040F29050C2F2000040897C38ADF8DD
:1013C0000E0040F29810C2F200000078014602912F
:1013D000102800F219820299DFE811F0110059007B
:1013E000B200B300EB005D0173017401CC00830116
:1013F0001602B501B401160216021602150240F2D9
:101400002C70C2F200000078012822D1FFE7BDF95C
:101410000E00002815DCFFE740F2B660C2F20000C3
:10142000007870B1FFE740F2B460C2F200000078CB
:1014300038B1FFE740F2B861C2F200010120087044
:1014400006E040F2B861C2F2000100200870FFE738
:101450001CE040F2B460C2F20000007870B1FFE717
:1014600040F2B660C2F20000007838B1FFE740F207
:10147000B861C2F200010120087006E040F2B861D4
:10148000C2F2000100200870FFE7FFE7BCE140F274
:10149000B760C2F20000007870B3FFE740F23C6032
:1014A000C2F200000078022808D0FFE740F23C605A
:1014B000C2F200000078032807D1FFE740F2B861CC
:1014C000C2F200010920087015E040F23C60C2F24F
:1014D0000000007838B9FFE740F2B861C2F20001BD
:1014E0000420087006E040F2B861C2F20001032057
:1014F0000870FFE7FFE7FFE740F20850C2F2000084
:1015000090F8380001281AD1FFE740F20850C2F2E3
:101510000000019007F068FC019840F23811C2F217
:10152000000103F06DF9019840F26811C2F2000168
:1015300003F066F90199032081F83800FFE763E1C1
:1015400062E140F20840C2F20000407D88B1FFE74E
:1015500040F21470C2F20000006840F2A861C2F2CA
:101560000001486040F2B861C2F200010420087036
:10157000FFE749E140F23C60C2F20000007880B130
:10158000FFE740F29400C2F20000807D032807D1FB
:10159000FFE740F2B861C2F2000104200870FFE7E3
:1015A00006E040F2B861C2F2000104200870FFE7D3
:1015B0002AE140F22C70C2F200000078012843D1E9
:1015C000FFE740F23C60C2F20000007805281FD11E
:1015D000FFE7BDF90E00F8280CDBFFE7BDF90E00B0
:1015E0004CF214114843C01340F2A861C2F200014A
:1015F000086006E040F2A861C2F20001C82008605D
:10160000FFE740F2A860C2F2000003F01BF91AE005
:1016100040F23C60C2F200000078042812D1FFE7DB
:10162000BDF90E00F8280CDBFFE7BDF90E0042F211
:10163000E9314843C00B40F24C01C2F20001C883BB
:10164000FFE7FFE7FFE717E040F22C70C2F200006F
:10165000007880B9FFE740F23C60C2F200000078F9
:10166000052807D1FFE740F2A860C2F2000003F0AE
:10167000E9F8FFE7FFE7FFE740F2B760C2F20000DA
:10168000007838B9FFE740F2B861C2F200010520E6
:101690000870FFE7B8E040F21470C2F20000006882
:1016A00038B9FFE740F2B861C2F2000101200870CA
:1016B00006E040F2B861C2F2000105200870FFE7C1
:1016C000A2E0A1E040F2B960C2F20000007838B9AF
:1016D000FFE740F2B861C2F2000100200870FFE7A6
:1016E00092E040F2B760C2F200000078012803D116
:1016F000FFE706F0E3FD0DE040F24C01C2F200010D
:1017000000200884C88340F2B861C2F200010520BD
:101710000870FFE740F23C60C2F200000078022847
:101720000FD0FFE740F23C60C2F2000000780328CF
:1017300007D0FFE740F2B861C2F200010120087053
:10174000FFE761E060E040F23820C2F2000090F86C
:101750003D00012807D1FFE740F23820C2F2000027
:1017600007F06AFC4EE040F23820C2F2000090ED33
:10177000060AB5EE400AF1EE10FA0CD9FFE740F286
:101780003820C2F2000090ED050AB5EE400AF1EEF5
:1017900010FA1AD8FFE740F23821C2F20001042003
:1017A00081F83D0040F2B610C2F20000007800F06F
:1017B000400340F2B962C2F2000210781843107080
:1017C000C8694861086A88610BE040F23821C2F2BA
:1017D0000001032081F83D004869C86188690862FA
:1017E000FFE706F0FBFC06F041FDFEF7D9FDFFF731
:1017F00013F806F031FD40F2B861C2F20001052095
:101800000870FFE700E0FFE740F29051C2F20001EC
:10181000088900EE100AB8EEC00A9FED5B1A20EEB0
:10182000010A9FED5A1A80EE010A9FED591A30EE17
:10183000010A9FED581A80EE010A9FED571A30EE0B
:10184000010A40F22070C2F2000080ED000A90ED23
:10185000000A9FED521A20EE010ABDEEC00A10EEFA
:10186000102A40F2BA60C2F200008280C988C180AA
:1018700040F21871C2F20001096842F63572C0F2F6
:1018800002025143C90B018040F2A861C2F200017B
:1018900049685143C90B418040F20471C2F2000112
:1018A00091ED020AB8EEC00A9FED3D1A20EE010A42
:1018B000BDEEC00A10EE102AD20B028191ED010A92
:1018C000B8EEC00A20EE010ABDEEC00A10EE101AF2
:1018D000C90B4181B0F9060040F27E2188420FDC3D
:1018E000FFE740F2B610C2F20000007800F00202FA
:1018F00040F2B961C2F2000108781043087019E0A3
:1019000040F2BA60C2F20000B0F90600B0F55C6FB8
:101910000FDBFFE740F2B610C2F20000007800F0E3
:10192000010240F2B961C2F2000108781043087068
:10193000FFE7FFE740F29050C2F20000008940F656
:10194000792188420FDBFFE740F2B610C2F20000B7
:10195000007800F0040240F2B961C2F20001087898
:1019600010430870FFE740F2B960C2F2000000784F
:1019700038B1FFE740F2B861C2F2000107200870F9
:10198000FFE704B080BD00BF3333534000F07F4514
:101990008FC2F5BEA69BC43C000000000000C842F8
:1019A00093E0BE4180B582B04FF4805001F042F91F
:1019B00048B3FFE71E2002F0D7FC4FF4805001909F
:1019C00001F02EF9019940F60000C4F2010001F087
:1019D00081FB012816D1FFE740F2B760C2F2000098
:1019E000007838B1FFE740F2B761C2F20001002091
:1019F000087006E040F2B761C2F2000101200870F1
:101A0000FFE7FFE7FFE702B080BDD4D44EF6885170
:101A1000CEF20001086840F47000086041F2000155
:101A2000C4F20201086840F001000860FFE741F2DB
:101A30000000C4F2020000684008C00708B9FFE7D0
:101A4000F5E741F20401C4F20201086820F0030046
:101A50000860FFE741F20400C4F202000068800859
:101A6000800708B1FFE7F5E741F20001C4F2020187
:101A700008684FF6FF72CFF6F2621040086041F23C
:101A80000401C4F202010020086041F23001C4F2F6
:101A90000201086041F20801C4F202014FF41F0084
:101AA00008604EF60851CEF200014FF00060086069
:101AB0007047D4D480B588B0002007900690059078
:101AC0000490039000F08CFD8DF80B009DF80B0046
:101AD0000146019140B1FFE7019801282BD0FFE7B3
:101AE0000198022831D084E041F25400C4F202008F
:101AF0000068400AC00798B1FFE741F23000C4F225
:101B000002000068400EC00750B1FFE740F2040138
:101B1000C2F2000146F60040C0F2DC20086009E095
:101B200040F20401C2F2000141F20020C0F27A004A
:101B30000860FFE767E040F20401C2F2000141F2F1
:101B40000020C0F27A0008605DE041F20400C4F2B7
:101B500002000168C1F3004105910168C1F38341AE
:101B600007910068C0F341700690069820B9FFE71E
:101B700007980F2807D1FFE70699079800EB011097
:101B80000130079003E0079802300790FFE70598BF
:101B900060B9FFE7079840F60011C0F23D014843E5
:101BA00040F20401C2F20001086021E041F20400A9
:101BB000C4F202000068400CC00760B1FFE707985C
:101BC00040F60011C0F23D01484340F20401C2F268
:101BD000000108600BE0079841F20021C0F27A0191
:101BE000484340F20401C2F200010860FFE7FFE74A
:101BF00009E040F20401C2F2000141F20020C0F20B
:101C00007A000860FFE741F20400C4F202000068B5
:101C1000C0F30310049004994AF66430C0F6000043
:101C2000405C039040F20401C2F200010868039A8C
:101C3000D040086008B080BD82B001908DF80310DC
:101C40009DF803200199886862F30000886002B063
:101C50007047D4D481B08DF803009DF8032042F280
:101C60000441C4F20101086802F00F0220F4702060
:101C700040EA0240086001B07047D4D482B00190BD
:101C80000091009802780199486802F0010220F45E
:101C9000807040EA02204860009842780199886884
:101CA00002F0010220F0020040EA42008860009841
:101CB00082780199886802F0010220F4006040EA0D
:101CC000C22088600098C078421E0199C86A02F05C
:101CD0000F0220F4700040EA0250C86202B0704760
:101CE00082B001908DF803109DF803200199886857
:101CF00002F0010220F4807040EA0220886002B005
:101D00007047D4D483B0029001918DF803209DF8E0
:101D10000300012806D1FFE7019A029948681043A1
:101D200048600AE09DF8030030B9FFE7019A029984
:101D3000486890434860FFE7FFE703B07047D4D49A
:101D400081B000900099886840F00800886001B078
:101D50007047D4D482B0009000988068C008C00753
:101D600020B1FFE701208DF8070003E000208DF887
:101D70000700FFE79DF8070002B0704781B00090B0
:101D80000099886840F00400886001B07047D4D49E
:101D900082B00090009880688008C00720B1FFE7FB
:101DA00001208DF8070003E000208DF80700FFE711
:101DB0009DF8070002B0704783B002908DF80710BD
:101DC0008DF806208DF805309DF8070009281CDCE9
:101DD000FFE70298006900909DF8070000EB4001C2
:101DE000072000FA01F10098884300909DF8050053
:101DF0009DF8071001EB410100FA01F1009808433A
:101E000000900098029908611EE00298C068009056
:101E10009DF8070000EB4000A0F11E01072000FA2A
:101E200001F10098884300909DF805009DF8071087
:101E300001EB41011E3900FA01F1009808430090BE
:101E400000980299C860FFE79DF806000D281FDB87
:101E5000FFE70298C06A00909DF8060000EB800042
:101E6000A0F141011F2000FA01F100988843009081
:101E70009DF807009DF8061001EB8101413900FA39
:101E800001F100980843009000980299C86242E06E
:101E90009DF8060007281FDBFFE70298006B009003
:101EA0009DF8060000EB8000A0F123011F2000FA3E
:101EB00001F10098884300909DF807009DF80610F6
:101EC00001EB8101233900FA01F1009808430090E9
:101ED0000098029908631DE00298406B00909DF8FD
:101EE000060000EB8000411F1F2000FA01F100985E
:101EF000884300909DF807009DF8061001EB8101D2
:101F0000053900FA01F10098084300900098029901
:101F10004863FFE7FFE703B07047D4D482B0019075
:101F20008DF803109DF80300421E0199886B02F0A2
:101F3000030220F4401040EA0250886302B0704768
:101F400085B004908DF80F108DF80E208DF80D30AF
:101F50009DF80F0009281CDCFFE704980069029037
:101F60009DF80F0000EB4001072000FA01F10298F4
:101F7000884302909DF80D009DF80F1001EB410180
:101F800000FA01F10298084302900298049908614E
:101F90001EE00498C06802909DF80F0000EB40001E
:101FA000A0F11E01072000FA01F102988843029077
:101FB0009DF80D009DF80F1001EB41011E3900FA4C
:101FC00001F102980843029002980499C860FFE763
:101FD0009DF80E000499896BC1F30151401A03303A
:101FE0008DF807009DF8070001380146009103288D
:101FF00030D80099DFE801F0020A16229DF80F2080
:102000000499886B62F30400886324E09DF80F2034
:102010000499886B02F01F0220F4787040EA4210A5
:10202000886318E09DF80F200499886B02F01F0266
:1020300020F4F84040EA822088630CE09DF80F20ED
:102040000499886B02F01F0220F4782040EAC23025
:10205000886300E0FFE705B07047D4D482B00190F8
:102060008DF803108DF802209DF80300082811DB7D
:10207000FFE70199886840F0007088609DF80300D0
:1020800000F007020199886820F4602040EA42408D
:10209000886010E00199886820F0007088609DF8E1
:1020A000030000F007020199886820F4602040EAEC
:1020B00042408860FFE79DF802200199886802F09D
:1020C000010220F4801040EA0250886002B070479C
:1020D00082B001908DF803108DF802209DF8030066
:1020E000082811DBFFE70199886840F0807088605C
:1020F0009DF8030000F007020199886820F4E04091
:1021000040EA0230886010E00199886820F0807011
:1021100088609DF8030000F007020199886820F4A8
:10212000E04040EA02308860FFE79DF80220019914
:10213000886802F0010220F4004040EAC230886062
:1021400002B0704782B001908DF803109DF8032013
:102150000199886802F0010220F4800040EA825070
:10216000886002B07047D4D483B002908DF8071015
:102170000020ADF804009DF80700014600910328F7
:1021800018D80099DFE801F002070C110298C06B23
:10219000ADF804000FE00298006CADF804000AE00E
:1021A0000298406CADF8040005E00298806CADF830
:1021B000040000E0FFE7BDF8040003B07047D4D48A
:1021C00082B001908DF8031000208DF80200019874
:1021D00000689DF80310084204D1FFE700208DF845
:1021E000020003E001208DF80200FFE79DF80200E5
:1021F00002B0704782B0019000910098C0430199ED
:10220000086002B07047D4D441F20001C4F2020168
:10221000086840F001000860FFE741F20000C4F2E6
:10222000020000684008C00708B9FFE7F5E741F27F
:102230000401C4F20201086820F003000860FFE70F
:1022400041F20400C4F2020000688008800708B16F
:10225000FFE7F5E741F20001C4F2020108684FF61A
:10226000FF72CFF6F2621040086041F20401C4F23E
:1022700002010020086041F23001C4F2020108604E
:1022800041F20801C4F202014FF41F0008607047D8
:1022900082B0019000208DF80300BDF8060041F2E5
:1022A0000001C4F202014058019901F01F01C84029
:1022B000C00720B9FFE700208DF8030003E00120EC
:1022C0008DF80300FFE79DF8030002B07047D4D4F7
:1022D00080B584B0002003908DF80B00FFE711203B
:1022E000FFF7D6FF014600200129019008D0FFE743
:1022F00003990020B1F5405F38BF01200190FFE74E
:102300000198C00720B1FFE7039801300390E6E78A
:102310001120FFF7BDFF012804D0FFE700208DF852
:102320000B0003E001208DF80B00FFE79DF80B0088
:1023300004B080BD82B001908DF803109DF80300B9
:1023400001280FD1FFE7019800F01F02012101FAD7
:1023500002F3010C41F20002C4F202028858184351
:1023600088500EE0019800F01F02012101FA02F3EB
:10237000010C41F20002C4F20202885898438850CE
:10238000FFE702B07047D4D482B08DF807008DF813
:1023900006109DF8070001460091042844D80099D2
:1023A000DFE801F0030E1D2C37009DF8062041F2F6
:1023B0000001C4F20201086862F30000086034E022
:1023C0009DF8062041F20001C4F20201086802F003
:1023D000010220F4803040EA0240086025E09DF8C8
:1023E000062041F20001C4F20201086802F0010275
:1023F00020F0807040EA0260086016E09DF8062038
:1024000041F22001C4F20201086862F30000086092
:102410000BE09DF8062041F22401C4F20201086895
:1024200062F30000086000E0FFE702B07047D4D418
:1024300081B08DF803009DF8032041F20401C4F23D
:102440000201086802F00F0220F0F00040EA0210DA
:10245000086001B07047D4D481B08DF803009DF8B6
:10246000032041F20401C4F20201086802F00702ED
:1024700020F4E06040EA0220086001B07047D4D444
:1024800081B08DF803009DF8032041F20401C4F2ED
:102490000201086802F0070220F4605040EAC220FE
:1024A000086001B07047D4D481B08DF803009DF866
:1024B000030000F0030241F20401C4F202010868C3
:1024C00020F4404040EA823008609DF8032008680C
:1024D000920862F31C70086001B0704781B08DF8FB
:1024E00003008DF802108DF801209DF8030088B9D3
:1024F000FFE741F20401C4F20201086820F48030D1
:10250000086041F23001C4F20201086840F0007036
:1025100008601FE041F20401C4F20201086840F4BF
:10252000803008609DF80300012809D1FFE741F2DF
:102530000401C4F20201086820F40030086008E0D9
:1025400041F20401C4F20201086840F4003008605E
:10255000FFE7FFE79DF8020000F00F0241F20401DF
:10256000C4F20201086820F4701040EA824008605A
:102570009DF8020000F03002086820F0C04040EAF8
:10258000426008609DF80120086820F0004040EAA1
:10259000C270086001B0704781B08DF803009DF8EB
:1025A000032041F20401C4F20201086862F3010051
:1025B000086000BF00BF00BF00BF00BF00BF00BF7A
:1025C00000BF00BF00BF00BF00BF00BF00BF00BF13
:1025D00000BF00BF00BF00BF00BF01B07047D4D430
:1025E00041F20400C4F202000068C0F381007047A9
:1025F00080B588B007900020069005900490039065
:102600000290FFF7EDFF8DF807009DF807000146E7
:10261000009140B1FFE70098012825D0FFE700981E
:10262000022828D072E041F25400C4F2020000688F
:10263000400AC00780B1FFE741F23000C4F2020057
:102640000068400EC00738B1FFE7079946F6004022
:10265000C0F2DC20086006E0079941F20020C0F2D9
:102660007A000860FFE758E0079941F20020C0F2C5
:102670007A00086051E041F20400C4F202000168EF
:10268000C1F3004104910168C1F3834106910068E0
:10269000C0F341700590059820B9FFE706980F2810
:1026A00007D1FFE70599069800EB0110013006906D
:1026B00003E0069802300690FFE7049848B9FFE768
:1026C000069840F60011C0F23D01484307990860A2
:1026D0001BE041F20400C4F202000068400CC00795
:1026E00048B1FFE7069840F60011C0F23D014843AB
:1026F0000799086008E0069841F20021C0F27A01CB
:10270000484307990860FFE7FFE706E0079941F2B1
:102710000020C0F27A000860FFE741F20400C4F232
:1027200002000168C1F303110391039A4AF6743160
:10273000C0F60001895C0291079A1168029BD9409A
:1027400051600168C1F302210391039A4AF6843172
:10275000C0F60001895C0291079A5168029BD9403A
:10276000D1600168C1F3C2210391039A4AF68C310A
:10277000C0F60001895C0291079A5168029BD9401A
:1027800091600168C1F30071039103990068C0F37F
:10279000813040EA8100039003994AF69430C0F6F4
:1027A0000000405C029007998868029AB0FBF2F042
:1027B000086108B080BDD4D481B08DF803009DF8C5
:1027C0000300012809D1FFE741F25401C4F20201DC
:1027D000086840F03000086008E041F25401C4F29B
:1027E0000201086820F030000860FFE701B0704780
:1027F00082B0019000200090019A116821F001013F
:1028000011600199086001994860019988600199F7
:10281000C86001980090009800F49F60C00880286C
:1028200017D8FFE79DF8000008384CF6CD41CCF6EC
:10283000CC41A0FB01016FF0030000EA91010F20E1
:1028400000FA01F20421C4F2020108681043086092
:102850001FE0009800F49F60C008902818D8FFE798
:102860009DF8000008384CF6CD41CCF6CC41A0FBD9
:1028700001016FF0030000EA91010F2000FA01F25C
:1028800040F20441C4F20201086810430860FFE707
:10289000FFE702B07047D4D482B00190ADF80210C7
:1028A000BDF802000199486002B0704781B0009005
:1028B0000098406880B201B07047D4D483B00290D1
:1028C00001918DF803209DF8030030B1FFE7019AD4
:1028D000029908681043086005E0019A02990868A7
:1028E00090430860FFE703B07047D4D482B00190F2
:1028F0008DF803109DF803200199086862F3000029
:10290000086002B07047D4D482B001908DF80310F3
:102910008DF802200198D0F8A400000EC00740B93D
:10292000FFE70199D1F8A40040F08070C1F8A4003D
:10293000FFE79DF8030001280BD1FFE79DF8022077
:102940000199D1F8A00020F0FF001044C1F8A000C8
:102950006AE09DF8030002280CD1FFE79DF80220F1
:102960000199D1F8A00020F47F4040EA0220C1F88C
:10297000A00058E09DF8030003280CD1FFE79DF864
:1029800002200199D1F8A00020F47F0040EA024023
:10299000C1F8A00046E09DF8030004280CD1FFE731
:1029A0009DF802200199D1F8A00020F07F4040EA74
:1029B0000260C1F8A00034E09DF8030005280BD1A7
:1029C000FFE79DF802200199D1F8A40020F0FF0054
:1029D0001044C1F8A40023E09DF8030006280CD1A0
:1029E000FFE79DF802200199D1F8A40020F47F4070
:1029F00040EA0220C1F8A40011E09DF80300072876
:102A00000CD1FFE79DF802200199D1F8A40020F431
:102A10007F0040EA0240C1F8A400FFE7FFE7FFE7BC
:102A2000FFE7FFE7FFE7FFE702B0704781B00090E4
:102A30000099002008600099486000990881009979
:102A40004881009908730099487300998873009928
:102A5000C873009908740099487401B07047D4D4C1
:102A600082B001900091019908684BF6EF72104016
:102A7000086000980289019908681043086000986E
:102A8000427C0199086802F0030220F4405040EAB9
:102A9000023008600098C27B0199086802F00302C6
:102AA00020F4406040EA822008600098827B01990F
:102AB000086802F0030220F4407040EA0220086037
:102AC0000098427B0199086802F0010220F0800022
:102AD00040EAC21008600098027B0199086802F081
:102AE000010220F0400040EA821008600098027C59
:102AF0000199086802F0010220F0200040EA42102B
:102B00000860009840890199486000980068019920
:102B10008860009840680199C86002B07047D4D4BA
:102B200081B0009000990020487200994860009997
:102B3000012008720099087001B0704782B00190BE
:102B400000200090019840680090009A40F20041F7
:102B5000C4F20101086890430860009A40F2044101
:102B6000C4F201010868904308600198407A002887
:102B700054D0FFE70198007848B9FFE7009A40F287
:102B80000041C4F2010108681043086008E0009A9F
:102B900040F20441C4F20101086810430860FFE7F5
:102BA000009A40F20841C4F20101086890430860AD
:102BB000009A40F20C41C4F2010108689043086099
:102BC0000198007A48B9FFE7009A40F20841C4F240
:102BD00001010868104308601FE00198007A01288D
:102BE00009D1FFE7009A40F20C41C4F201010868E4
:102BF0001043086010E0009A40F20841C4F201015D
:102C0000086810430860009A40F20C41C4F20101C8
:102C1000086810430860FFE7FFE7FFE702B070476E
:102C200081B00090009840F21441C4F201010860A4
:102C300001B0704783B0029000208DF8070000902B
:102C400040F21440C4F2010000680299084000906C
:102C5000009820B1FFE701208DF8070003E0002075
:102C60008DF80700FFE79DF8070003B07047D4D444
:102C700081B003208DF8030042F20C00C4F2020080
:102C80000068C00720B1FFE700208DF803001FE0B7
:102C900042F20C00C4F2020000688008C00720B1B4
:102CA000FFE701208DF8030011E042F20C00C4F2AE
:102CB000020000680009C00720B1FFE702208DF87C
:102CC000030003E003208DF80300FFE7FFE7FFE7C1
:102CD0009DF8030001B0704781B003208DF8030018
:102CE00042F28C00C4F202000068C00720B1FFE786
:102CF00000208DF803001FE042F28C00C4F20200B5
:102D000000688008C00720B1FFE701208DF80300AC
:102D100011E042F28C00C4F2020000680009C00712
:102D200020B1FFE702208DF8030003E003208DF8B7
:102D30000300FFE7FFE7FFE79DF8030001B07047DE
:102D400080B584B0039003208DF80B00FFF790FF4F
:102D50008DF80B00FFE79DF80B100020019031B9B2
:102D6000FFE70398002818BF01200190FFE70198B2
:102D7000C00740B1FFE7FFF77BFF8DF80B0003981A
:102D800001380390E7E7039820B9FFE704208DF8A6
:102D90000B00FFE79DF80B0004B080BD80B584B048
:102DA000039003208DF80B00FFF796FF8DF80B00C2
:102DB000FFE79DF80B100020019031B9FFE7039861
:102DC000002818BF01200190FFE70198C00740B11B
:102DD000FFE7FFF781FF8DF80B00039801380390A0
:102DE000E7E7039820B9FFE704208DF80B00FFE721
:102DF0009DF80B0004B080BD42F20401C4F2020150
:102E000040F22310C4F26750086048F6AB10CCF6CD
:102E1000EF5008607047D4D442F21001C4F20201AE
:102E2000086840F0800008607047D4D480B584B052
:102E3000039003208DF80B000398B0F1046F21D3A9
:102E4000FFE742F29001C4F202010191086840F0EC
:102E500002000860039842F29402C4F20202106079
:102E6000086840F0400008604FF0FF30FFF796FF21
:102E700001998DF80B00086820F00200086000F04E
:102E800025F81EE042F21001C4F202010091086828
:102E900040F002000860039842F21402C4F20202F9
:102EA0001060086840F0400008604FF08040FFF775
:102EB00047FF00998DF80B00086820F002000860B9
:102EC000FFE79DF80B0004B080BDD4D44FF0046040
:102ED000006841F20000C0F64000006842F20000C5
:102EE000C0F640000068704780B586B00590049138
:102EF00003208DF80F000598B0F1046F1AD3FFE797
:102F000042F29001C4F202010291086840F001000F
:102F100008600498059908604FF48010FFF73EFFA1
:102F200002998DF80F00086820F001000860FFF793
:102F3000CDFF17E042F21001C4F2020101910868CE
:102F400040F0010008600498059908604FF4801073
:102F5000FFF7F6FE01998DF80F00086820F00100D8
:102F60000860FFE79DF80F0006B080BD84B00390B5
:102F7000029102980068ADF8000002988079032859
:102F800004D1FFE70020ADF802002FE0029880791D
:102F9000E0B9FFE70298407900F00F00ADF80200B9
:102FA00002984079182805D1FFE7BDF80000039981
:102FB00008610AE002984079282805D1FFE7BDF8AA
:102FC000000003994861FFE7FFE70EE002990A79E4
:102FD0008879C97900F0080002F00402104401F079
:102FE00003010844ADF80200FFE7FFE79DF8000089
:102FF00040B3FFE700200190FFE70198072820D8A1
:10300000FFE70199BDF80000C840C007A0B1FFE785
:10301000019881000F2000FA01F20399086890439B
:103020000860BDF802000199890000FA01F20399D5
:10303000086810430860FFE7FFE70198013001903E
:10304000DBE7FFE7BDF80000B0F5807F2CDBFFE792
:103050009DF80100ADF8000000200190FFE7019805
:10306000072820D8FFE70199BDF80000C840C00735
:10307000A0B1FFE7019881000F2000FA01F2039947
:10308000486890434860BDF802000199890000FA41
:1030900001F20399486810434860FFE7FFE7019891
:1030A00001300190DBE7FFE704B0704781B000908A
:1030B00000994FF6FF700860009900208871009910
:1030C000087100990420487100990120C87101B06D
:1030D0007047D4D482B00190ADF8021000208DF872
:1030E0000100BDF80200019989680140884204D0BE
:1030F000FFE700208DF8010003E001208DF80100BA
:10310000FFE79DF8010002B07047D4D485B0049069
:103110008DF80F109DF813000021C4F2010108433F
:103120000290BDF812008DF803000498000A8DF893
:10313000020004988DF801009DF802009DF803102C
:103140000844C0F120014FF0FF3088400190019801
:103150009DF802109DF803201144C1F12001C840E0
:10316000019001989DF80310C840019001989DF8C6
:10317000031088400190019A029908689043086002
:103180009DF80F0058B1FFE79DF801009DF803106E
:1031900000FA01F20299086810430860FFE705B0E1
:1031A0007047D4D483B08DF80B008DF80A1000203E
:1031B00001909DF80A0000F0030081000F20884074
:1031C00001909DF80A00800801460091032854D818
:1031D0000099DFE801F002162A3E019A0821C4F2A4
:1031E00001010868904308609DF80B009DF80A20D3
:1031F00002F00302920000FA02F20868104308602D
:103200003CE0019A0C21C4F2010108689043086077
:103210009DF80B009DF80A2002F00302920000FACC
:1032200002F208681043086028E0019A1021C4F2F5
:1032300001010868904308609DF80B009DF80A2082
:1032400002F00302920000FA02F2086810430860DC
:1032500014E0019A1421C4F2010108689043086047
:103260009DF80B009DF80A2002F00302920000FA7C
:1032700002F208681043086000E0FFE703B07047FF
:1032800080B584B08DF80F0002910192002000906B
:1032900000F046F80299019A00F00CF800909DF9B0
:1032A0000F00009900F044F89DF90F0000F062F85B
:1032B00004B080BD88B0079006910592079800F091
:1032C000070004900498C0F10700052803D3FFE726
:1032D0000420019004E00498C0F107000190FFE78A
:1032E0000198039004980430062803D8FFE70020D3
:1032F000009003E0049803380090FFE700980290E4
:1033000006980399012202FA01F101390840029B53
:10331000984005999A40013A1140084308B0704717
:103320004EF60C50CEF200000068C0F30220704749
:1033300082B08DF8070000919DF9070000280AD49B
:10334000FFE7009800019DF907104EF20042CEF20F
:10335000000288540BE0009800019DF8071001F06E
:103360000F014EF61452CEF200028854FFE702B06D
:103370007047D4D481B08DF803009DF90300002874
:103380000ED4FFE79DF9031001F01F0201209040C9
:103390004A094EF20011CEF2000141F82200FFE787
:1033A00001B0704780B582B08DF807009DF8070026
:1033B00000F002F802B080BD83B00290029800F0E5
:1033C000070000904EF60C51CEF200010868019003
:1033D00001984FF6FF02104001900198009A40EAD0
:1033E00002200022C0F2FA521043019001980860B6
:1033F00003B0704781B08DF803009DF803000428E6
:1034000009D1FFE74EF21001CEF20001086840F04A
:103410000400086008E04EF21001CEF200010868D6
:1034200020F004000860FFE701B0704782B001900F
:103430008DF803109DF803200199086862F30000DD
:10344000086002B07047D4D481B000900099002089
:10345000087000994870009988700099C8700099A8
:103460000871009948710099887101B07047D4D4EF
:1034700081B0009000990020087000994870009970
:1034800088700099C8700099087100994871009976
:10349000887101B07047D4D483B00290019100923A
:1034A00001980299C8620098029988620299486955
:1034B00040F00100486103B07047D4D482B001905D
:1034C0008DF803109DF803200199086802F00302AB
:1034D00020F4407040EA0220086002B07047D4D463
:1034E00082B001908DF803109DF8032001990868BF
:1034F00002F0070220F0700040EA0210086002B0FB
:103500007047D4D482B001908DF803109DF8032049
:103510000199086B20F0FF001044086302B0704767
:1035200087B006908DF8171004920020ADF80E00B9
:10353000ADF80C00ADF80A009DF817000830ADF8A2
:1035400008009DF817000930ADF80600049840788F
:10355000BDF808108840ADF80E0004988078BDF8DA
:1035600006108840ADF80C00BDF80610012000FAE6
:1035700001F3069A516899435160BDF80C30069AE0
:10358000516819435160BDF8081000FA01F206991C
:10359000486890434860BDF80E200699486810437B
:1035A00048609DF81700ADF80A00BDF80A00014612
:1035B0000091062836D80099DFE801F00434103471
:1035C0001C342800049802780699886902F00702E2
:1035D00020F0700040EA0210886124E0049802782C
:1035E0000699886902F0070220F4E04040EA0230C0
:1035F000886118E0049802780699C86902F0070209
:1036000020F0700040EA0210C8610CE004980278D3
:103610000699C86902F0070220F4E04040EA02304F
:10362000C86100E0FFE79DF8170040000130ADF8E9
:1036300008009DF81710032000EB4100ADF80600CC
:103640000498C078BDF808108840ADF80E000498C2
:103650000079BDF806108840ADF80C00BDF80610E2
:10366000012000FA01F3069A116A99431162BDF82C
:103670000C30069A116A19431162BDF8081000FA5D
:1036800001F3069A116A99431162BDF80E30069A49
:10369000116A194311629DF817104900ADF808101E
:1036A0009DF81710022202EB4101ADF806100499B3
:1036B00049799DF817305B009940ADF80E100499D8
:1036C00089799DF8173002EB43029140ADF80C1058
:1036D000BDF8061000FA01F3069A116A99431162C7
:1036E000BDF80C30069A116A19431162BDF8081032
:1036F00000FA01F20699086A90430862BDF80E20AC
:103700000699086A1043086207B0704785B00490B4
:103710008DF80F1002929DF80F00ADF80600BDF86D
:10372000060001460091062816D80099DFE801F04E
:10373000041408140C1410000298049948630CE057
:1037400002980499886308E002980499C86304E029
:1037500002980499086400E0FFE705B07047D4D4EC
:1037600083B002908DF807108DF806209DF80700B1
:10377000ADF80400BDF8040001460091062836D8D3
:103780000099DFE801F0043410341C3428009DF85F
:1037900006200299886902F0010220F0080040EA40
:1037A000C200886124E09DF806200299886902F031
:1037B000010220F4006040EAC220886118E09DF810
:1037C00006200299C86902F0010220F0080040EAD0
:1037D000C200C8610CE09DF806200299C86902F099
:1037E000010220F4006040EAC220C86100E0FFE767
:1037F00003B0704782B001908DF803109DF803204C
:103800000199086802F0010220F0080040EAC200B5
:10381000086002B07047D4D483B002908DF80710CE
:103820008DF806209DF80700ADF80400BDF80400EF
:1038300001460091062856D80099DFE801F0040CF3
:103840001824303C48009DF806200299086A62F36B
:103850000000086248E09DF806200299086A02F01C
:10386000010220F0040040EA820008623CE09DF87A
:1038700006200299086A02F0010220F0100040EAD6
:103880000210086230E09DF806200299086A02F0F2
:10389000010220F0400040EA8210086224E09DF816
:1038A00006200299086A02F0010220F4807040EAC2
:1038B0000220086218E09DF806200299086A02F0CA
:1038C000010220F4806040EA822008620CE09DF84A
:1038D00006200299086A02F0010220F4805040EAB2
:1038E0000230086200E0FFE703B0704782B0019049
:1038F0008DF803109DF803200199486802F0070233
:1039000020F0700040EA0210486002B07047D4D442
:1039100083B0029001918DF803209DF803000128E7
:1039200006D1FFE7019A0299C8681043C8600AE00F
:103930009DF8030030B9FFE7019A0299C8689043E7
:10394000C860FFE7FFE703B07047D4D483B00290AC
:10395000019100208DF80300029800690199084246
:1039600004D0FFE701208DF8030003E000208DF86C
:103970000300FFE79DF8030003B0704782B0019099
:1039800000910098C0430199086102B07047D4D4F7
:1039900082B001908DF803109DF803200199486CC6
:1039A00002F0010220F4004040EAC230486402B054
:1039B0007047D4D482B00190009100988279019927
:1039C000486C02F0010220F4805040EA0230486462
:1039D000009802780199486C20F0FF001044486478
:1039E000009842790199486C02F0010220F480604D
:1039F00040EA82204864009802790199486C02F0FC
:103A0000010220F4006040EAC22048640098427835
:103A10000199486C02F0010220F4005040EA423063
:103A200048640098C2780199486C02F0010220F4C1
:103A3000804040EA82304864009882780199486C5E
:103A400002F0030220F4407040EA0220486402B011
:103A50007047D4D480B58AB0099008918DF81F20A2
:103A60008DF81E3002A8FEF7C3FD099843F6000149
:103A7000C4F20101884203D1FFE70498019002E0FB
:103A800005980190FFE7019800EB8000400008993D
:103A9000B0FBF1F0009000984CF6CD41CCF6CC4153
:103AA000A0FB0121C90801EB8101A0EB4100042822
:103AB0000AD8FFE700984CF6CD41CCF6CC41A0FBEC
:103AC0000110C00800900BE000984CF6CD41CCF6F8
:103AD000CC41A0FB0101012000EBD1000090FFE7E9
:103AE000BDF80020099988684FF6FF739843104489
:103AF00088609DF81F200999C86802F0010220F42F
:103B0000805040EA0230C8609DF81E20099908697B
:103B100002F0030220F4405040EA023008610AB08B
:103B200080BDD4D482B001908DF803109DF803209D
:103B30000199C86802F0010220F4005040EA4230C6
:103B4000C86002B07047D4D482B001908DF80310E1
:103B50009DF803200199C86802F0010220F00800D6
:103B600040EAC200C86002B07047D4D482B001906D
:103B70008DF803109DF803200199C86802F0010236
:103B800020F0040040EA8200C86002B07047D4D43C
:103B900083B0029001918DF803209DF80300012865
:103BA0000CD1FFE7019800F01F02012101FA02F396
:103BB0000299020C8858184388500BE0019800F0D5
:103BC0001F02012101FA02F30299020C885898435E
:103BD0008850FFE703B0704782B001908DF8031062
:103BE0009DF803200199486902F0010220F080004D
:103BF00040EAC210486102B07047D4D482B001904C
:103C00008DF803109DF803200199486902F0010224
:103C100020F0400040EA8210486102B07047D4D4DE
:103C200083B001900091019800680099084204D087
:103C3000FFE701208DF80B0003E000208DF80B005A
:103C4000FFE79DF80B0003B07047D4D482B0019019
:103C500000919DF80000C00628B1FFE701980068B8
:103C60000198406804E00098C04301990860FFE7AC
:103C700002B0704780B584B002900191002000909E
:103C8000029818B1FFE7019820B9FFE76FF007002D
:103C9000039056E040F2A850C2F20000007838B914
:103CA000FFE740F2AC50C2F2000000F07BFAFFE701
:103CB00040F2A851C2F20001087801300870019862
:103CC0000068029908600299002048600298343028
:103CD00000F080FA0299086848630298006402982C
:103CE000083000F05FFA029800F1340140F2AC5065
:103CF000C2F2000000F076FA0198406828B1FFE7B0
:103D0000019840680299086303E06FF00A00009090
:103D1000FFE701980C30029988620198806868B1C9
:103D2000FFE702980199896800F00EF8009000986A
:103D300018B1FFE70098039003E0FFE700980390B5
:103D4000FFE7039804B080BD80B584B00290019174
:103D5000029818B1FFE7019820B9FFE76FF007005C
:103D600003901CE001980299C8620198006878B13C
:103D7000FFE70198808801280ADBFFE701980068C7
:103D80000090009801998A88002100F040F803E033
:103D90006FF00700039002E000200390FFE7039814
:103DA00004B080BD83B00190019818B9FFE70020EE
:103DB00002900CE0019840680090009820B1FFE765
:103DC000019900204860FFE700980290FFE7029801
:103DD00003B0704781B040F2AC50C2F200000069FD
:103DE0000090FFE7009840F2AC51C2F200010831A8
:103DF000884205D0FFE7FFE7009880680090F1E770
:103E000001B0704740F2AC50C2F20000704700238E
:103E10009A4208BF7047C1540133F9E780B540F2B8
:103E2000C050C2F2000000F0BDF980BD80B584B082
:103E300003900020019002900398103000F008FADF
:103E4000019803990873029804B080BD80B584B0CE
:103E50000020039040F2C050C2F2000000690090C0
:103E6000FFE7009840F2C051C2F2000108318842D9
:103E700028D0FFE70098C06808B9FFE71EE0009867
:103E8000C06802900298806808B1FFE707E04AF630
:103E90006140C0F60000782100F08AF8FFE702993F
:103EA0004868896888478DF807009DF9070020B9A0
:103EB000FFE70298FFF7BAFFFFE7FFE70098806887
:103EC0000090CEE7039804B080BDD4D484B00390B2
:103ED000029101921620009003980099884205D221
:103EE000FFE70398B0F1FF3F01DCFFE700E0FFE7E9
:103EF00004B0704783B002900191009203B0704704
:103F000080B582B00190019808B9FFE71FE00198E1
:103F1000006888B1FFE70198006840F20801C2F22A
:103F20000001086040F2D450C2F2000000F0DCF85A
:103F300008B1FFE7FFE7FFE7FFF770FFFFF74AFF72
:103F400040F2E051C2F2000101200870FFE702B028
:103F500080BDD4D480B584B0FFF754FF039003989C
:103F600008B9FFE722E0039800690290FFE7029892
:103F700003990831884216D0FFE70298C068019083
:103F8000019808B9FFE711E00198806A08B9FFE7D6
:103F90000CE00198816A006B49688847FFE7029846
:103FA00080680290E3E7FFF751FFFFE704B080BDB0
:103FB00082B001900091FFE7FEE7D4D480B584B0D1
:103FC000029002980190019878B9FFE74AF6AE3066
:103FD000C0F600004AF63941C0F600016A22FFF738
:103FE00089FF6FF01300039002E000200390FFE7C9
:103FF000039804B080BDD4D480B586B0049000206E
:10400000039004980190019820B1FFE7019800689F
:1040100078B9FFE74AF6C630C0F600004AF63941E3
:10402000C0F600014E22FFF765FF6FF01300059008
:104030000FE001980068FFF7B5FE0290029828B1E2
:10404000FFE70198029900F007F8FFE70398059051
:10405000FFE7059806B080BD80B582B00190009161
:10406000019820B1FFE70198406860B9FFE74AF680
:10407000F030C0F600004AF63941C0F600012A22AD
:10408000FFF738FF2EE09DF80000C00790B1FFE772
:104090004AF69C30C0F600004AF63941C0F60001ED
:1040A0003022FFF727FF0198416808688A688988ED
:1040B0009047FFE79DF800008007002812D5FFE732
:1040C0004AF64F40C0F600004AF63941C0F60001FA
:1040D0003522FFF70FFF019841680868CA68898890
:1040E0009047FFE702B080BD80B586B00490039191
:1040F000002002900498019003980090019818B154
:10410000FFE7009878B9FFE74AF67940C0F600006B
:104110004AF63941C0F600018622FFF7EBFE6FF048
:10412000130005903BE000980068019948600199F0
:1041300040F2E450C2F2000008600198006878B9CB
:10414000FFE74AF61A40C0F600004AF63941C0F6C9
:1041500000018F22FFF7CEFE6FF0130005901EE0E6
:10416000049840F21001C2F2000148600198006812
:10417000FFF780FD02900298B0F1FF3F0BDCFFE7F4
:1041800002984AF63941C0F600019822FFF79EFED8
:104190000298059003E0FFE702980590FFE7059875
:1041A00006B080BD81B00090009901F10800486020
:1041B00000994FF0FF308860009901F10800C86055
:1041C000009901F10800086100990020086001B021
:1041D0007047D4D481B0009000990020086101B0EC
:1041E0007047D4D484B00390029102980068009084
:1041F0000098013020B9FFE703980069019010E0B2
:10420000039808300190FFE7019840680068009922
:10421000884205D8FFE7FFE7019840680190F3E77F
:10422000FFE70198406802994860029841688860F9
:104230000198029988600298019948600398029950
:104240000861039908680130086004B07047D4D44D
:1042500082B00190019800690090019841688068DF
:1042600088600199486889684860009840680199A9
:10427000884205D1FFE7019880680099486000E016
:10428000FFE701990020086100990868013808607B
:104290000098006802B0704780B50420FFF7AAF8C4
:1042A00040F20400C2F20000006844F6D351C1F2AB
:1042B0006201A0FB011080094EF21401CEF2000150
:1042C00008604EF21801CEF20001002008604EF2A4
:1042D0001001CEF20001086840F0030008604FF0C2
:1042E000FF30032100F002F880BDD4D482B08DF8F5
:1042F000070000919DF9070000280AD4FFE7009805
:1043000000019DF907104EF20042CEF200028854DF
:104310000BE0009800019DF8071001F00F014EF628
:104320001452CEF200028854FFE702B07047D4D492
:1043300040F20400C2F2000000684DF68361C4F24E
:104340001B31A0FB0110810C40F22C60C2F2000076
:10435000016000684FF47A71484340F23061C2F264
:10436000000108607047D4D484B0ADF80E0000207E
:1043700002904EF21800CEF20000006801904EF25A
:104380001000CEF2000000680290FFE7BDF80E00BA
:10439000A0B1FFE7FFE74EF21000CEF20000006888
:1043A0000290FFE79DF80A00C0070028F3D0FFE75E
:1043B000BDF80E000138ADF80E00E7E7FFE74EF25A
:1043C0001800CEF2000000680090FFE70098019905
:1043D0008842F4D8FFE704B07047D4D480B582B0E7
:1043E000ADF80200BDF9020005F06CFBADF8060067
:1043F000BDF9020005F044FBADF80400BDF806105D
:10440000BDF8040040EA014002B080BD83B00290D4
:10441000019102980088019908800299B1F902007F
:10442000B1F90410401A44F6E61148430090009890
:10443000C00B0199488003B07047D4D483B0029078
:10444000019102980199B0F91620B0F91800B1F95C
:104450000030B1F902105A4310FB0120009000987F
:10446000C00B029988830299B1F91600B1F918209E
:104470000199B1F90030B1F902105A4300FB112043
:1044800000900098C00B0299488303B07047D4D4C1
:1044900083B0029001910299B1F90400B1F90620AC
:1044A0000199B1F90030B1F902105A4300FB112013
:1044B00000900098C00B029908800299B1F904009D
:1044C000B1F90620019BB3F90010B3F902305A4349
:1044D00010FB012000900098C00B0299488003B0A7
:1044E0007047D4D482B001900091009880880199DF
:1044F00088800098C0880199C880009991F90220AD
:104500000888104408800098B0F90000B0F1FF3F1F
:1045100006DCFFE70099088800F500400880FFE707
:1045200002B0704780B582B001908DF80310FFE7AC
:1045300040F23460C2F20000007810287DDCFFE712
:104540000198006B0421FDF73BFE00285DD0FFE7DA
:1045500040F22400C2F200000078012855D1FFE7A4
:104560000198006B0421FDF745FE40F23460C2F271
:104570000000007801283ADBFFE79DF803000128DE
:104580000EDBFFE70198006B0021FDF7EDFD024611
:1045900040F23661C2F20001088810440880FFE74B
:1045A0009DF8030002280EDBFFE70198006B012154
:1045B000FDF7DAFD024640F23861C2F200010888D8
:1045C00010440880FFE79DF8030003280EDBFFE797
:1045D0000198006B0221FDF7C7FD024640F23A61E7
:1045E000C2F20001088810440880FFE7FFE740F2AC
:1045F0002401C2F200010020087040F23461C2F2CE
:10460000000108780130087016E00198006B042161
:10461000FDF7D6FD78B9FFE740F22400C2F20000B2
:104620000078012807D0FFE740F22401C2F2000120
:1046300001200870FFE7FFE77AE79DF803000128F3
:1046400009D1FFE740F23660C2F20000008800099D
:104650000199888525E09DF80300022801D1FFE734
:104660001EE09DF80300032819D1FFE740F23660F1
:10467000C2F20000008800090199C88440F2386045
:10468000C2F20000008800090199088540F23A60F2
:10469000C2F200000088000901994885FFE7FFE7A2
:1046A000FFE7012002B080BD80B584B00390029185
:1046B0000398006B00210091FDF756FD024600981B
:1046C0000399CB8CD21AA0EBC20008820398006B2E
:1046D0000121FDF749FD0246009803990B8DD21A7E
:1046E000A0EBC20048820398006B0221FDF73CFD5D
:1046F0000246009803994B8DD21AA0EBC200888223
:104700000399888EB1F910104843019001980399DC
:1047100091F83820C2F10F02104108820399888E67
:10472000B1F91210484301900198039991F838208B
:10473000C2F10F02104148820399888EB1F914101A
:10474000484301900198039991F83820C2F10F0273
:10475000104188820299B1F90600098B88420DDD6B
:10476000FFE70399488A88810399888AC881039959
:104770008889CA8910444042488136E00299B1F9DB
:104780000800098B88420DDDFFE70399088A4881FC
:104790000399888AC88103994889CA89104440428C
:1047A000888121E00299B1F90A00098B88420DDD68
:1047B000FFE70399088A48810399488A8881039909
:1047C00048898A8910444042C8810CE00399088ACC
:1047D00048810399488A8881039948898A891044C5
:1047E0004042C881FFE7FFE7FFE704B080BDD4D4B3
:1047F00082B00190009100980199486102B0704721
:1048000082B0019000910198008E00990880019873
:10481000408E009948800198808E00990884019804
:10482000C08E009948840099B1F910004A8C9040DC
:1048300088600099B1F912004A8C9040C86002B0BB
:104840007047D4D482B00190019908684968401A31
:10485000009000980199B1F90810884211DBFFE738
:104860000199B1F90820486810444860019801682E
:104870004068884204DBFFE7019908684860FFE769
:104880001DE000980199B1F90A104942884211DAF5
:10489000FFE70199B1F90A204868801A4860019839
:1048A00001684068884204DCFFE7019908684860B5
:1048B000FFE703E0019908684860FFE7FFE702B0FF
:1048C0007047D4D480B584B0ADF80E00102000F04D
:1048D0004FF90290BDF80E00042100F015FA019086
:1048E000BDF80E00029908800299002048800299C4
:1048F000886001980299C860029804B080BDD4D441
:1049000083B002900191029948880988884207DBA8
:10491000FFE7029900204880029901208880FFE784
:1049200002988088012811DBFFE702998868CA682D
:104930004B8852F82320801A019A1044886002990B
:104940008868098890FBF1F000900CE00299886873
:10495000019A10448860029988684988013190FB67
:10496000F1F00090FFE70198DDF808C0DCF80C10CA
:10497000BCF80220531CACF8023041F82200009829
:1049800003B07047D4D4D4D480B590B00F900F98B2
:104990000090B0F9040005F0F3FD02460098019282
:1049A0000A46019942EC101B8DED020B006805F0E0
:1049B000E7FD9DED021B41EC100B51EC110B53EC8C
:1049C000102B05F07DFC41EC100B8DED0C0B9DEDDB
:1049D0000C0B51EC100B9FED240B53EC102B079399
:1049E000069205F075FA41EC100B53EC102B9FED7D
:1049F000200B51EC100B0591049005F061FC41EC8B
:104A0000100B51EC100B05F0A3FC049A059B0F99B9
:104A1000C8809DED0C0B51EC100B0991089005F02E
:104A200077FF069A079B844608988E4609994EECB4
:104A300010CB8DED0A0B05F04BFA9DED0A1B41ECF6
:104A4000100B51EC110B53EC102B05F039FC41EC21
:104A5000100B51EC100B05F07BFC0F99088110B086
:104A600080BD00BF00BF00BF000000000000F03F9D
:104A700000000000C0FFDF4010B584B00390029139
:104A80000398B0F906C0B0F908204FEAEC71D0F8ED
:104A900014E00369ACFB03040CFB0E4C01FB03C1E7
:104AA000029BC2FB03010191009000980199C00B89
:104AB00040EA4140CA1303994A61086103980069BA
:104AC00004B010BDF0B503AF4DF8048D002816D426
:104AD000044600F0A7F8411C11D000F10B010619A3
:104AE000DFF83C8021F007010C1FC8F80060844209
:104AF0000ED0251A284600F095F8B04205D04FF0A8
:104B0000FF3420465DF8048BF0BD7019C8F8000032
:104B1000D8F804000028F4D1C8F80440F1E700BF39
:104B200064050020F0B503AF4DF804BD04460F4AFC
:104B300054F8040D12682618964203D000205DF840
:104B400004BBF0BD0D1A082D98BF08252846FFF7B5
:104B5000B9FFB04205D0411CF0D020C000F08EF863
:104B6000ECE72068284420600120E8E76405002085
:104B7000F0B503AF4DF8048D10F1140F06D328499A
:104B80000C2200F075F84250002438E00446224818
:104B900000F0B4F8E01D214C20F0070808F10805EA
:104BA000264624686CB154F8040CA84211D220683F
:104BB0000028F5D120462946FFF7B4FF0028EFD0A2
:104BC00013E02846FFF77EFF044601301BD020C4C7
:104BD0000DE0401B082808D321686151611941F894
:104BE000040C316044F8045C01E0206830600A483D
:104BF00000F085F848F00401204600F081F82046D6
:104C00005DF8048BF0BD06490C2200F031F84250EB
:104C1000014800F074F8B7E7740500206005002033
:104C200008000000D0B502AF0C4A0146B1F1FF3FC9
:104C300010680BDD0A4B1B1A8B420CD209490C225F
:104C400000F016F842504FF0FF30D0BD064B4C42FA
:104C5000C31AA342F2D301441160D0BD000000206A
:104C6000082200200800000008200020D4D4D4D45A
:104C7000014800687047000070050020D0B502AF01
:104C8000C0B1044600202060194800F037F81949E7
:104C9000086880B1A0420ED850F8041C4218A24205
:104CA0000ED0A0420146F3D113490C22FFF7E0FFDA
:104CB000425017E0D0BD20600C6054F8041C07E09F
:104CC00054F8042C04461144026840F8041C1046B1
:104CD0006218824206D1026850F8040C084422602F
:104CE00044F8040C0248BDE8D04000F008B800BF0A
:104CF0007405002060050020080000007047704720
:104D00000A460021FFF783B8A0FB010141B180B53D
:104D10006F4604490C22FFF7ABFF4250002080BDD4
:104D2000FFF726BF0800000080B582B0019001980F
:104D30000021C16101980162019881840198C184B8
:104D4000019881620198C1620198018601984186AB
:104D5000019881860198C1630198016401985830D7
:104D6000FFF746FD02B080BD83B0029002988068D4
:104D70000088C000ADF8020002980068B0F9000099
:104D8000BDF90210484301900198C00B0299488375
:104D900002980068B0F90200BDF902104843019082
:104DA0000198C00B0299888303B0704780B58EB01C
:104DB0001C20C4F202000190FDF71AFD09A804901E
:104DC000FDF734FE0198049940F62E02ADF82E202E
:104DD0001022ADF82C2040F67232C2F200020A9284
:104DE000002208928DF83320012303938DF831308F
:104DF00043F6040CC4F2010CCDF808C0CDF824C071
:104E00008DF832208DF830208DF835308DF8342033
:104E1000FDF726FE0020C4F2020005900221079152
:104E20001A22FDF771FD01980799089AFDF746FDD2
:104E30003020C4F202000690FDF7DAFC0498FDF77A
:104E4000F5FDDDF808C0039B04990698089A4FF019
:104E50000C0EADF82EE0ADF82C2041F6D43EC2F297
:104E6000000ECDF828E08DF833208DF83130CDF8E4
:104E700024C08DF832208DF830208DF835308DF833
:104E80003420FDF7EDFD059803211922FDF73CFDC7
:104E900006980799089AFDF711FD0EB080BDD4D48D
:104EA00080B582B040F66C32C2F200020020108061
:104EB0005080012191808DF80700FFE79DF80700E1
:104EC000092819DCFFE79DF8073040F24850C2F28C
:104ED0000000C25C40F67231C2F20001CA549DF873
:104EE0000720805C114481F82E08FFE79DF8070039
:104EF00001308DF80700E1E740F67231C2F200019F
:104F0000FF2081F80A0841F2380288543020C4F2A8
:104F100002000121FDF7EAFC02B080BD80B584B03B
:104F200043F60000C4F201001021FEF779FE0028CC
:104F300060D0FFE743F60000C4F201001021FEF745
:104F400085FE3020C4F2020002900021FDF7CEFC65
:104F50000298FDF7ABFCC0F10C0040F66C31C2F2D8
:104F60000001088041F6D430C2F2000000784128E8
:104F70000ED0FFE70B208DF80F009DF80F2040F2B8
:104F80003A70C2F20000E021082300F095F925E014
:104F900041F6D430C2F2000040788DF80E0040F6A1
:104FA0006C30C2F2000001880339418040889DF8CE
:104FB0000E10884203D1FFE700F01EF80DE00C2030
:104FC0008DF80F009DF80F2040F23A70C2F20000F9
:104FD000E021082300F070F9FFE7FFE73020C4F27A
:104FE000020001900C21FDF757FC01980121FDF70B
:104FF0007DFCFFE704B080BD80B582B041F6D430BF
:10500000C2F20000427840F22D71C2F200014A70F3
:10501000807808700020ADF80600FFE7BDF80600B4
:1050200040F22D71C2F2000149780139884215DA47
:10503000FFE7BDF8062041F6D430C2F2000010446C
:10504000C07840F22D71C2F2000111448870FFE770
:10505000BDF806000130ADF80600DFE7BDF8060038
:1050600041F6D431C2F200010844C17840F22D70FB
:10507000C2F200000090017300F038F80099097B3B
:10508000884223D1FFE740F2CD61C2F20001002047
:10509000087040F20650C2F200000078102807DBCA
:1050A000FFE740F20651C2F2000101200870FFE75D
:1050B00040F22D70C2F2000000F05EF840F206519E
:1050C000C2F200010878013008700DE009208DF867
:1050D00005009DF8052040F23A70C2F20000E02180
:1050E000082300F0E9F8FFE702B080BD83B002902A
:1050F00000208DF80700ADF80400029808B9FFE71A
:1051000036E002984178BDF804000844ADF8040088
:1051100002980178BDF804000844ADF804000020AE
:105120008DF80300FFE79DF80300029949780139E3
:10513000884211DAFFE702989DF80310084481784D
:10514000BDF804000844ADF80400FFE79DF8030033
:1051500001308DF80300E6E7BDF804008DF8070084
:105160009DF805109DF8070008448DF80700FFE73B
:105170009DF8070003B0704780B586B0059005988C
:105180000078013801460191052800F284800199D8
:10519000DFE801F0030E18222C6A40F23A70C2F2E6
:1051A0000000F02100224FF4807300F085F880E0C9
:1051B000059880788DF812009DF81200059900F08E
:1051C00077F976E0059880788DF811009DF8110048
:1051D000059900F02FFA6CE0059880788DF81100A1
:1051E0009DF81100059901F055FA62E00598817863
:1051F00041F6E030C2F2000001700599C97841F62D
:10520000E132C2F20002009211700078002101F038
:10521000FDFF014600988DF810100078012101F083
:10522000F5FF8DF80F009DF810009DF80F10084055
:1052300001280AD1FFE740F23A70C2F20000F021E3
:1052400000231A4600F038F80DE003208DF8130013
:105250009DF8132040F23A70C2F20000E0210823CA
:1052600000F02AF8FFE724E041F6E030C2F2000047
:10527000007841F6E131C2F20001097840EA0120EC
:105280000290029A40F23A70C2F20000F02110231C
:1052900000F012F80DE001208DF813009DF81320A6
:1052A00040F23A70C2F20000E021082300F004F856
:1052B000FFE706B080BDD4D480B588B007908DF8E4
:1052C0001B100592ADF81230BDF81200C008ADF801
:1052D00010009DF81B0040F20651C2F2000109784F
:1052E000084407990870BDF81000079948709DF8A8
:1052F000110007998870BDF812000146029120281C
:1053000030D80299DFE801F0112E2E2E2E2E2E2EEF
:10531000122E2E2E2E2E2E2E162E2E2E2E2E2E2EE1
:105320002E2E2E2E2E2E2E2E1E0048E0059807998A
:10533000C87044E005980799C8700598000A079955
:1053400008713CE005980799C8700598000A07990C
:105350000871BDF81600079948719DF81700079964
:1053600088712CE000208DF80F00FFE79DF80F10EA
:1053700000201C2901900CDCFFE79DF80F104AF675
:105380009940C0F60000405C093818BF0120019028
:10539000FFE70198C00788B1FFE79DF80F204AF6A4
:1053A0009940C0F60000805C07991144C870FFE77F
:1053B0009DF80F0001308DF80F00D7E7FFE7079841
:1053C00002F018FC079981F82700079800F002F80E
:1053D00008B080BD83B002900020ADF80600ADF8A3
:1053E000040002994878897840EA01200330ADF83A
:1053F0000400FFE7BDF80600BDF8041088424FDC4A
:10540000FFE7BDF806000146009140B1FFE70098B4
:1054100001280ED0FFE70098022814D01DE0029862
:105420000078BDF8062040F2CE61C2F20001885437
:1054300030E002984078BDF8062040F2CE61C2F21A
:105440000001885426E002988078BDF8062040F2DA
:10545000CE61C2F2000188541CE0BDF80600BDF820
:10546000041088420ADAFFE70298BDF80620105CB3
:1054700040F2CE61C2F2000188540AE0029890F82E
:105480002700BDF8062040F2CE61C2F20001885428
:10549000FFE7FFE7BDF806000130ADF80600A9E719
:1054A00040F2CD61C2F200010120087003B07047E4
:1054B00080B584B08DF80F0002919DF80F0001387F
:1054C00001460091072800F2A4800099DFE801F06E
:1054D000041423424E5D7D9740F2B761C2F2000191
:1054E0000120087040F23A70C2F20000F02100235F
:1054F0001A46FFF7E1FE9AE040F2B760C2F2000000
:105500000023037040F23A70C2F20000F0211A4604
:10551000FFF7D2FE8BE040F2B860C2F200000078E4
:1055200001280DD1FFE740F29401C2F200010120F1
:10553000887540F2B861C2F2000108200870FFE7E8
:1055400040F23A70C2F20000F02100231A46FFF741
:10555000B3FE6CE002F086F840F23A70C2F200004E
:10556000F02100231A46FFF7A7FE60E040F2B96081
:10557000C2F200000023037040F23A70C2F2000051
:10558000F0211A46FFF798FE51E040F2B860C2F2EF
:105590000000007801280ED1FFE740F23821C2F266
:1055A0000001012081F83D0040F2B861C2F2000123
:1055B0000B200870FFE740F23A70C2F20000F021C1
:1055C00000231A46FFF778FE31E040F2B860C2F2DD
:1055D00000000078012808D1FFE740F20851C2F22C
:1055E0000001012081F83800FFE740F23A70C2F272
:1055F0000000F02100231A46FFF75EFE17E040F29C
:105600003A70C2F20000F02100231A46FFF754FE60
:105610000DE006208DF807009DF8072040F23A7053
:10562000C2F20000E0210823FFF746FEFFE704B0C6
:1056300080BDD4D480B586B08DF8170004919DF854
:105640001700013801460191C82801F21380019921
:10565000DFE811F0C900DA00EB00FC000E011F01C9
:105660003001410152016301740186019801A901D1
:10567000BA01CC01DE01F00101021202240236025D
:10568000480259026A027C028E029B02A802B902F9
:10569000CB02DD02EF0201031303250337034903A5
:1056A0005603630370037D038F03A1031008B30344
:1056B000C403D603E803FA030C041E042F044004B9
:1056C00051046104710482049304A404B504C60463
:1056D000D704E804F9040A051B052C053D054D0512
:1056E0005E056E057F059005A105B205C305D405CD
:1056F0001008E505FE051008180632064206520697
:105700005E066A0610081008100810087B068C0652
:105710009D0610081008AE06BE06CF06E006F1068C
:10572000020712072207320742074E071008100827
:1057300010081008100810085E076E077E078E0715
:105740009E07AE07BE07CE07DF0710081008100837
:105750001008100810081008100810081008100889
:105760001008100810081008100810081008100879
:105770001008100810081008100810081008100869
:105780001008100810081008100810081008100859
:105790001008100810081008100810081008100849
:1057A0001008100810081008100810081008100839
:1057B0001008100810081008100810081008100829
:1057C0001008100810081008100810081008100819
:1057D0001008100810081008100810081008100809
:1057E0001008F00700084FF60000C0F603004068FC
:1057F0000290029A40F23A70C2F20000F0211023A7
:10580000FFF75AFD00F044BF4FF60000C0F603005A
:1058100080680290029A40F23A70C2F20000F021D1
:105820001023FFF749FD00F033BF4FF60000C0F62C
:105830000300C0680290029A40F23A70C2F200007F
:10584000F0210823FFF738FD00F022BF40F2267058
:10585000C2F20000B0F900000290029A40F23A70E1
:10586000C2F20000F0211023FFF726FD00F010BF68
:1058700040F22870C2F2000000880290029A40F2C2
:105880003A70C2F20000F0211023FFF715FD00F07E
:10589000FFBE40F22A70C2F2000000880290029A15
:1058A00040F23A70C2F20000F0211023FFF704FD2D
:1058B00000F0EEBE40F2B860C2F200000078029044
:1058C000029A40F23A70C2F20000F0210823FFF77A
:1058D000F3FC00F0DDBE40F23C60C2F20000007854
:1058E0000290029A40F23A70C2F20000F0210823BE
:1058F000FFF7E2FC00F0CCBE40F22C70C2F20000D8
:1059000000780290029A40F23A70C2F20000F02150
:105910000823FFF7D1FC00F0BBBE40F2A860C2F242
:10592000000000680290029A40F23A70C2F2000051
:10593000F0212023FFF7C0FC00F0AABE40F248602F
:10594000C2F20000B0F900000290029A40F23A70F0
:10595000C2F20000F0211023FFF7AEFC00F098BE69
:1059600040F24860C2F20000B0F902000290029AD0
:1059700040F23A70C2F20000F0211023FFF79CFCC5
:1059800000F086BE40F24860C2F20000008C029037
:10599000029A40F23A70C2F20000F0211023FFF7A1
:1059A0008BFC00F075BE40F24860C2F20000408CF3
:1059B0000290029A40F23A70C2F20000F0211023E5
:1059C000FFF77AFC00F064BE40F24C00C2F2000027
:1059D000B0F91E000290029A40F23A70C2F2000042
:1059E000F0211023FFF768FC00F052BE40F238109F
:1059F000C2F20000B0F900000290029A40F23A7040
:105A0000C2F20000F0211023FFF756FC00F040BE68
:105A100040F23810C2F20000B0F902000290029A7F
:105A200040F23A70C2F20000F0211023FFF744FC6C
:105A300000F02EBE40F23810C2F20000008C02903E
:105A4000029A40F23A70C2F20000F0211023FFF7F0
:105A500033FC00F01DBE40F23810C2F20000408C52
:105A60000290029A40F23A70C2F20000F021102334
:105A7000FFF722FC00F00CBE40F24C00C2F2000026
:105A8000B0F920000290029A40F23A70C2F200008F
:105A9000F0211023FFF710FC00F0FABD40F268106F
:105AA000C2F20000B0F900000290029A40F23A708F
:105AB000C2F20000F0211023FFF7FEFB00F0E8BD6A
:105AC00040F26810C2F20000B0F902000290029A9F
:105AD00040F23A70C2F20000F0211023FFF7ECFB15
:105AE00000F0D6BD40F26810C2F20000008C0290B7
:105AF000029A40F23A70C2F20000F0211023FFF740
:105B0000DBFB00F0C5BD40F26810C2F20000408C23
:105B10000290029A40F23A70C2F20000F021102383
:105B2000FFF7CAFB00F0B4BD40F2BA60C2F2000059
:105B3000B0F906000290029A40F23A70C2F20000F8
:105B4000F0211023FFF7B8FB00F0A2BD40F2BA60CD
:105B5000C2F20000B0F904000290029A40F23A70DA
:105B6000C2F20000F0211023FFF7A6FB00F090BD69
:105B700000200290029A40F23A70C2F20000F02136
:105B80001023FFF799FB00F083BD00200290029ADA
:105B900040F23A70C2F20000F0211023FFF78CFBB4
:105BA00000F076BD40F21870C2F20000006802906A
:105BB000029A40F23A70C2F20000F0212023FFF76F
:105BC0007BFB00F065BD40F24C00C2F20000B0F972
:105BD0001A000290029A40F23A70C2F20000F021DC
:105BE0001023FFF769FB00F053BD40F24C00C2F2F6
:105BF0000000B0F91C000290029A40F23A70C2F222
:105C00000000F0211023FFF757FB00F041BD4FF6D5
:105C10000000C0F60300D0F880000290029A40F223
:105C20003A70C2F20000F0212023FFF745FB00F09C
:105C30002FBD4FF60000C0F60300D0F8840002909C
:105C4000029A40F23A70C2F20000F0212023FFF7DE
:105C500033FB00F01DBD40F2A860C2F20000B0F9B5
:105C600008000290029A40F23A70C2F20000F0215D
:105C70001023FFF721FB00F00BBD40F2A860C2F239
:105C80000000B0F90A000290029A40F23A70C2F2A3
:105C90000000F0211023FFF70FFB00F0F9BC40F2E9
:105CA0004860C2F20000B0F910000290029A40F27F
:105CB0003A70C2F20000F0211023FFF7FDFA00F065
:105CC000E7BC40F24860C2F20000B0F91200029056
:105CD000029A40F23A70C2F20000F0211023FFF75E
:105CE000EBFA00F0D5BC00200290029A40F23A7024
:105CF000C2F20000F0211023FFF7DEFA00F0C8BC6A
:105D000000200290029A40F23A70C2F20000F021A4
:105D10001023FFF7D1FA00F0BBBC00200290029ADA
:105D200040F23A70C2F20000F0211023FFF7C4FAEB
:105D300000F0AEBC00200290029A40F23A70C2F22B
:105D40000000F0211023FFF7B7FA00F0A1BC40F2E9
:105D5000B810C2F20000B0F900000290029A40F2BE
:105D60003A70C2F20000F0211023FFF7A5FA00F00C
:105D70008FBC40F2B810C2F20000B0F902000290ED
:105D8000029A40F23A70C2F20000F0211023FFF7AD
:105D900093FA00F07DBC40F2B810C2F20000B0F9F6
:105DA0003E000290029A40F23A70C2F20000F021E6
:105DB0001023FFF781FA00F06BBC40F22040C2F2E2
:105DC0000000C0680290029A40F23A70C2F20000ED
:105DD000F0211023FFF770FA00F05ABC40F2204087
:105DE000C2F20000B0F914000290029A40F23A7038
:105DF000C2F20000F0211023FFF75EFA00F048BC69
:105E000040F22040C2F20000B0F958000290029A1D
:105E100040F23A70C2F20000F0211023FFF74CFA72
:105E200000F036BC40F22040C2F20000B0F95A0047
:105E30000290029A40F23A70C2F20000F021102360
:105E4000FFF73AFA00F024BC40F22040C2F2000012
:105E5000B0F878000290029A40F23A70C2F2000064
:105E6000F0211023FFF728FA00F012BC40F2204086
:105E7000C2F20000B0F87A000290029A40F23A7042
:105E8000C2F20000F0211023FFF716FA00F000BC68
:105E900040F23E60C2F20000B0F904000290029AA3
:105EA00040F23A70C2F20000F0211023FFF704FA2A
:105EB000EEE340F23E60C2F2000090F90200029070
:105EC000029A40F23A70C2F20000F0210823FFF774
:105ED000F3F9DDE340F29400C2F20000B0F94400AF
:105EE0000290029A40F23A70C2F20000F0211023B0
:105EF000FFF7E2F9CCE340F29400C2F200008068C0
:105F00000290029A40F23A70C2F20000F02120237F
:105F1000FFF7D2F9BCE340F2B960C2F200000078AA
:105F20000290029A40F23A70C2F20000F021082377
:105F3000FFF7C2F9ACE340F24C00C2F20000B0F946
:105F40000A000290029A40F23A70C2F20000F02178
:105F50001023FFF7B1F99BE340F24C00C2F20000BE
:105F6000B0F90C000290029A40F23A70C2F20000BE
:105F7000F0211023FFF7A0F98AE340F24C00C2F2AF
:105F80000000B0F90E000290029A40F23A70C2F29C
:105F90000000F0211023FFF78FF979E340F24C0065
:105FA000C2F20000B0F916000290029A40F23A7074
:105FB000C2F20000F0211023FFF77EF968E340F2FF
:105FC0004C00C2F20000B0F918000290029A40F2B0
:105FD0003A70C2F20000F0211023FFF76DF957E389
:105FE00040F24C00C2F20000B0F922000290029A86
:105FF00040F23A70C2F20000F0211023FFF75CF982
:1060000046E340F24C00C2F20000B0F924000290D6
:10601000029A40F23A70C2F20000F0211023FFF71A
:106020004BF935E340F22800C2F20000B0F9040059
:106030000290029A40F23A70C2F20000F02110235E
:10604000FFF73AF924E340F22800C2F20000B0F969
:1060500006000290029A40F23A70C2F20000F0216B
:106060001023FFF729F913E340F22800C2F20000E1
:10607000B0F900000290029A40F23A70C2F20000B9
:10608000F0211023FFF718F902E340F22800C2F2D2
:106090000000B0F902000290029A40F23A70C2F297
:1060A0000000F0211023FFF707F9F1E240F2107031
:1060B000C2F20000B0F900000290029A40F23A7079
:1060C000C2F20000F0211023FFF7F6F8E0E240F200
:1060D0001870C2F2000000680290029A40F23A7012
:1060E000C2F20000F0211023FFF7E6F8D0E240F200
:1060F0002040C2F20000B0F934000290029A40F24F
:106100003A70C2F20000F0211023FFF7D5F8BFE289
:1061100040F22040C2F20000006C0290029A40F26D
:106120003A70C2F20000F0211023FFF7C5F8AFE289
:1061300040F22040C2F20000B0F924000290029A1E
:1061400040F23A70C2F20000F0211023FFF7B4F8D9
:106150009EE240F22040C2F20000B0F92600029018
:10616000029A40F23A70C2F20000F0211023FFF7C9
:10617000A3F88DE240F22040C2F20000B0F93000F6
:106180000290029A40F23A70C2F20000F02110230D
:10619000FFF792F87CE240F22040C2F20000B0F932
:1061A00032000290029A40F23A70C2F20000F021EE
:1061B0001023FFF781F86BE240F22800C2F20000E2
:1061C000B0F904000290029A40F23A70C2F2000064
:1061D000F0211023FFF770F85AE240F22800C2F2D3
:1061E0000000B0F906000290029A40F23A70C2F242
:1061F0000000F0211023FFF75FF849E240F2084069
:10620000C2F20000B0F900000290029A40F23A7027
:10621000C2F20000F0211023FFF74EF838E240F2FE
:106220000841C2F20001C88840F20022C2F2000216
:1062300012685043898890FBF1F00290029A40F274
:106240003A70C2F20000F0211023FFF735F81FE288
:1062500040F20840C2F2000080684FF47A7148436F
:1062600040F20021C2F200010968B0FBF1F0029097
:10627000029A40F23A70C2F20000F0211023FFF7B8
:106280001BF805E240F20840C2F20000C0684FF47B
:106290007A71484340F20021C2F200010968B0FB64
:1062A000F1F00290029A40F23A70C2F20000F0213E
:1062B0001023FFF701F8EBE140F2B810C2F2000042
:1062C000008C0290029A40F23A70C2F20000F02173
:1062D0001023FEF7F1FFDBE140F2B810C2F200003C
:1062E000408C0290029A40F23A70C2F20000F02113
:1062F0001023FEF7E1FFCBE100200290029A40F26A
:106300003A70C2F20000F0211023FEF7D5FFBFE182
:1063100000200290029A40F23A70C2F20000F0218E
:106320001023FEF7C9FFB3E140F20840C2F20000BB
:10633000B0F910000290029A40F23A70C2F20000E6
:10634000F0211023FEF7B8FFA2E14FF60000C0F6DF
:106350000300D0F874010290029A40F23A70C2F23F
:106360000000F0212023FEF7A7FF91E14FF6000087
:10637000C0F60300D0F878010290029A40F23A7019
:10638000C2F20000F0212023FEF796FF80E14FF6D5
:106390000000C0F60300D0F87C010290029A40F29F
:1063A0003A70C2F20000F0212023FEF785FF6FE172
:1063B00040F20470C2F2000000680290029A40F2BB
:1063C0003A70C2F20000F0212023FEF775FF5FE172
:1063D00040F27860C2F20000B0F900000290029A28
:1063E00040F23A70C2F20000F0211023FEF764FF81
:1063F0004EE140F27860C2F20000B0F9260002904F
:10640000029A40F23A70C2F20000F0211023FEF727
:1064100053FF3DE140F27860C2F20000B0F928007D
:106420000290029A40F23A70C2F20000F02110236A
:10643000FEF742FF2CE140F27860C2F20000B0F9B2
:1064400004000290029A40F23A70C2F20000F02179
:106450001023FEF731FF1BE140F27860C2F200002A
:10646000008C0290029A40F23A70C2F20000F021D1
:106470001023FEF721FF0BE140F27860C2F200002A
:10648000408C0290029A40F23A70C2F20000F02171
:106490001023FEF711FFFBE040F27860C2F200002B
:1064A000808C0290029A40F23A70C2F20000F02111
:1064B0001023FEF701FFEBE040F20470C2F200008F
:1064C00080680290029A40F23A70C2F20000F02115
:1064D0002023FEF7F1FEDBE000200290029A40F25A
:1064E0003A70C2F20000F0211023FEF7E5FECFE083
:1064F00040F29400C2F20000807D0290029A40F2C5
:106500003A70C2F20000F0211023FEF7D5FEBFE082
:1065100040F2F260C2F2000000880290029A40F25B
:106520003A70C2F20000F0211023FEF7C5FEAFE082
:1065300040F2F260C2F2000040880290029A40F2FB
:106540003A70C2F20000F0211023FEF7B5FE9FE082
:1065500040F2F260C2F2000080880290029A40F29B
:106560003A70C2F20000F0211023FEF7A5FE8FE082
:1065700040F2F260C2F20000C0880290029A40F23B
:106580003A70C2F20000F0211023FEF795FE7FE082
:1065900040F2F260C2F2000000890290029A40F2DA
:1065A0003A70C2F20000F0211023FEF785FE6FE082
:1065B00040F2F260C2F2000040890290029A40F27A
:1065C0003A70C2F20000F0211023FEF775FE5FE082
:1065D00040F2EC00C2F2000000780290029A40F211
:1065E0003A70C2F20000F0210823FEF765FE4FE08A
:1065F00040F2EC00C2F2000090F93D000290029AD5
:1066000040F23A70C2F20000F0210823FEF754FE77
:106610003EE040F23820C2F2000090F83D000290C7
:10662000029A40F23A70C2F20000F0210823FEF70D
:1066300043FE2DE040F23820C2F200004069029093
:10664000029A40F23A70C2F20000F0212023FEF7D5
:1066500033FE1DE040F23820C2F200008069029053
:10666000029A40F23A70C2F20000F0212023FEF7B5
:1066700023FE0DE003208DF80F009DF80F2040F25F
:106680003A70C2F20000E0210823FEF715FEFFE792
:1066900006B080BD80B586B08DF8170004919DF8D6
:1066A0001700043801460191652800F29F85019981
:1066B000DFE811F066007D0094009C05AB00BF0090
:1066C000D300F00007011E013501580185019C012E
:1066D000B201C801EA01000216022C0242029C0526
:1066E0009C059C059C059C059C059C059C059C05A2
:1066F00064027A029002AA029C059C059C059C05F6
:10670000C702DD02F3029C05110328033E03550373
:106710006C038303A603BC03CF039C059C059C0567
:106720009C059C059C059C059C059C059C059C0561
:106730009C059C059C059C059C059C059C059C0551
:106740009C059C05EA03000416049C052C044B04DC
:106750009C056E049104A7049C059C05C4049C053B
:106760009C059C059C059C059C059C059C059C0521
:10677000DA04F6040C05220538054E056405860585
:106780000499C878097940EA01200290029840F201
:106790002671C2F20001088040F23A70C2F2000095
:1067A000F02100231A46FEF787FD00F02DBD049965
:1067B000C878097940EA01200290029840F22871D5
:1067C000C2F20001088040F23A70C2F20000F021EB
:1067D00000231A46FEF770FD00F016BD0499C87834
:1067E000097940EA01200290029840F22A71C2F22F
:1067F0000001088040F23A70C2F20000F02100234C
:106800001A46FEF759FD00F0FFBC0498C0780290CC
:10681000029840F23D61C2F20001087040F23A7005
:10682000C2F20000F02100231A46FEF745FD00F0F9
:10683000EBBC0498C0780290029840F22C71C2F22E
:106840000001087040F23A70C2F20000F02100230B
:106850001A46FEF731FD00F0D7BC0499C8780B79D1
:106860004A79897940EA032040EA024040EA01601F
:106870000290029840F2A861C2F20001086040F262
:106880003A70C2F20000F02100231A46FEF714FD10
:1068900000F0BABC0499C878097940EA0120029056
:1068A000029840F24861C2F20001088040F23A705A
:1068B000C2F20000F02100231A46FEF7FDFC00F0B2
:1068C000A3BC0499C878097940EA01200290029893
:1068D00040F24861C2F20001488040F23A70C2F2D0
:1068E0000000F02100231A46FEF7E6FC00F08CBC05
:1068F0000499C878097940EA01200290029840F290
:106900004861C2F20001088440F23A70C2F200000D
:10691000F02100231A46FEF7CFFC00F075BC049965
:10692000C878097940EA01200290029840F2486153
:10693000C2F200014884B1F910004A8C904088608E
:10694000B1F9120040424A8C90404042C86040F287
:106950003A70C2F20000F02100231A46FEF7ACFCA8
:1069600000F052BC0499C878097940EA012000B2CD
:106970000290029840F6CD4188420EDBFFE70520E9
:106980008DF80F009DF80F2040F23A70C2F200001F
:10699000E0210823FEF790FC0FE0029840F24C0142
:1069A000C2F20001C88340F23A70C2F20000F02146
:1069B00000231A46FEF780FCFFE700F025BC04998F
:1069C000C878097940EA01200290029840F2381113
:1069D000C2F20001088040F23A70C2F20000F021D9
:1069E00000231A46FEF768FC00F00EBC0499C87834
:1069F000097940EA01200290029840F23811C2F26F
:106A00000001488040F23A70C2F20000F0210023F9
:106A10001A46FEF751FCF7E30499C878097940EA71
:106A200001200290029840F23811C2F2000108845D
:106A300040F23A70C2F20000F02100231A46FEF73D
:106A40003BFCE1E30499C878097940EA012002900F
:106A5000029840F23811C2F200014884B1F91000E6
:106A60004A8C90408860B1F9120040424A8C9040B4
:106A70004042C86040F23A70C2F20000F0210023A8
:106A80001A46FEF719FCBFE30499C878097940EA71
:106A900001200290029840F24C01C2F200010884E9
:106AA00040F23A70C2F20000F02100231A46FEF7CD
:106AB00003FCA9E30499C878097940EA012002900F
:106AC000029840F26811C2F20001088040F23A7068
:106AD000C2F20000F02100231A46FEF7EDFB93E31B
:106AE0000499C878097940EA01200290029840F29E
:106AF0006811C2F20001488040F23A70C2F2000010
:106B0000F02100231A46FEF7D7FB7DE30499C878ED
:106B1000097940EA01200290029840F26811C2F21D
:106B20000001088440F23A70C2F20000F021002314
:106B30001A46FEF7C1FB67E30499C878097940EA71
:106B400001200290029840F26811C2F200014884CC
:106B5000B1F910004A8C90408860B1F912004042AF
:106B60004A8C90404042C86040F23A70C2F2000045
:106B7000F02100231A46FEF79FFB45E30499C878ED
:106B8000097940EA01200290029840F2A861C2F21D
:106B90000001088140F23A70C2F20000F0210023A7
:106BA0001A46FEF789FB2FE30499C878097940EA71
:106BB00001200290029840F2A861C2F200014881CF
:106BC00040F23A70C2F20000F02100231A46FEF7AC
:106BD00073FB19E30499C878097940EA012002900F
:106BE000029840F24861C2F20001088202984A8C81
:106BF0009040886040F23A70C2F20000F021002319
:106C00001A46FEF759FBFFE20499C878097940EA71
:106C100001200290029840F24861C2F200014882CD
:106C2000B1F9120040424A8C90404042C86040F2A4
:106C30003A70C2F20000F02100231A46FEF73CFB36
:106C4000E2E20499C878097940EA012002900298AA
:106C500040F2B811C2F20001088040F23A70C2F26C
:106C60000000F02100231A46FEF726FBCCE204992F
:106C7000C878097940EA01200290029840F2B811E0
:106C8000C2F20001488040F23A70C2F20000F021E6
:106C900000231A46FEF710FBB6E20499C87809797A
:106CA00040EA01200290029840F2B811C2F20001BD
:106CB000C88702984042488202984A8C90404042DD
:106CC000C86040F23A70C2F20000F02100231A4678
:106CD000FEF7F2FA98E20499C878097940EA0120AF
:106CE0000290BDF9080040F22041C2F20001C860E4
:106CF00040F23A70C2F20000F02100231A46FEF77B
:106D0000DBFA81E20499C878097940EA012002900F
:106D1000029840F22041C2F20001888240F23A70AB
:106D2000C2F20000F02100231A46FEF7C5FA6BE21A
:106D30000499C878097940EA01200290029840F24B
:106D40002041C2F20001A1F8580040F23A70C2F2AC
:106D50000000F02100231A46FEF7AEFA54E204992F
:106D6000C878097940EA01200290029840F2204157
:106D7000C2F20001A1F85A0040F23A70C2F20000DB
:106D8000F02100231A46FEF797FA3DE20499C878ED
:106D9000097940EA01200290029840F22041C2F2B3
:106DA0000001A1F8780040F23A70C2F20000F02130
:106DB00000231A46FEF780FA26E20499C87809797A
:106DC00040EA01200290029840F22041C2F2000104
:106DD000A1F87A00B1F87A2047F6FF7000FA02F2C3
:106DE0000A66B1F87A2090404042486640F23A7014
:106DF000C2F20000F02100231A46FEF75DFA03E21A
:106E00000499C878097940EA01200290029840F27A
:106E10003E61C2F20001888040F23A70C2F2000086
:106E2000F02100231A46FEF747FAEDE10498C078F6
:106E30000290029840F23E61C2F20001887040F276
:106E40003A70C2F20000F02100231A46FEF734FA2D
:106E5000DAE10499C878097940EA012002900298A1
:106E600040F29401C2F20001A1F8440002984000EF
:106E7000A1F8460040F23A70C2F20000F02100236F
:106E80001A46FEF719FABFE10499C878097940EA71
:106E900001200290029840F22801C2F2000188808D
:106EA00040F23A70C2F20000F02100231A46FEF7C9
:106EB00003FAA9E10499C878097940EA012002900F
:106EC000029840F22801C2F20001C88040F23A70F4
:106ED000C2F20000F02100231A46FEF7EDF993E11B
:106EE0000499C878097940EA01200290029840F29A
:106EF0000841C2F20001088040F23A70C2F200007C
:106F0000F02100231A46FEF7D7F97DE10499C878ED
:106F1000097940EA0120029040F20841C2F20001E2
:106F2000C88840F20022C2F2000212685043029A5E
:106F3000B0FBF2F0888040F23A70C2F20000F0211B
:106F400000231A46FEF7B8F95EE10499C87809797A
:106F500040EA01200290029840F20021C2F20001B2
:106F60000968484344F6D351C1F26201A0FB011005
:106F7000800940F20841C2F20001886040F23A7094
:106F8000C2F20000F02100231A46FEF795F93BE11A
:106F90000499C878097940EA01200290029840F2E9
:106FA0000021C2F200010968484344F6D351C1F2FE
:106FB0006201A0FB0110800940F20841C2F2000109
:106FC000C86040F23A70C2F20000F02100231A4675
:106FD000FEF772F918E10499C878097940EA0120AE
:106FE0000290029840F2B811C2F20001088440F207
:106FF0003A70C2F20000F02100231A46FEF75CF955
:1070000002E10499C878097940EA012002900298C7
:1070100040F2B811C2F200014884B1F912004042B6
:107020004A8C90404042C86040F23A70C2F2000080
:10703000F02100231A46FEF73FF9E5E00499C878ED
:10704000097940EA01200290029840F20841C2F218
:107050000001088240F23A70C2F20000F0210023E1
:107060001A46FEF729F9FFE70499C8780B794A799F
:10707000897940EA032040EA024040EA0160029038
:10708000029840F20471C2F20001086040F23A70C6
:10709000C2F20000F02100231A46FEF70DF9B3E01A
:1070A0000499C878097940EA01200290029840F2D8
:1070B0007861C2F20001088040F23A70C2F200002A
:1070C000F02100231A46FEF7F7F89DE00499C878EE
:1070D000097940EA01200290029840F27861C2F2F8
:1070E0000001C88440F23A70C2F20000F02100238F
:1070F0001A46FEF7E1F887E00499C878097940EA72
:1071000001200290029840F27861C2F200010885E5
:1071100040F23A70C2F20000F02100231A46FEF756
:10712000CBF871E00499C878097940EA012002900F
:10713000029840F27861C2F20001888040F23A7011
:10714000C2F20000F02100231A46FEF7B5F85BE01A
:107150000499C878097940EA01200290029840F227
:107160007861C2F20001088440F23A70C2F2000075
:10717000F02100231A46FEF79FF845E00499C878ED
:10718000097940EA01200290029840F27861C2F247
:1071900000014884B1F910004A8C90408860B1F930
:1071A000120040424A8C90404042C86040F23A701F
:1071B000C2F20000F02100231A46FEF77DF823E01A
:1071C0000499C878097940EA01200290029840F2B7
:1071D0007861C2F20001888440F23A70C2F2000085
:1071E000F02100231A46FEF767F80DE003208DF822
:1071F0000F009DF80F2040F23A70C2F20000E0212B
:107200000823FEF759F8FFE706B080BD80B582B0CD
:107210008DF806008DF805109DF806000F38014620
:107220000091522800F204820099DFE811F0530027
:1072300001020102010201026100010201020102D8
:1072400001026F007D000102010201028B00990022
:107250000102010201020102010201020102010216
:107260000102010201020102010201020102010206
:1072700001020102010201020102010201020102F6
:107280000102A700B500C300D100DF00ED00FB0044
:10729000090117012501320140014D015A01680120
:1072A000760184019201A0010102010201020102A2
:1072B00001020102010201020102010201020102B6
:1072C0000102AE01BC01C901D701010201020102A4
:1072D000E501F3019DF8052040F26471C2F200015E
:1072E00040F24C00C2F200001E3041F82200B0E132
:1072F0009DF8052040F26471C2F2000140F24C009A
:10730000C2F20000203041F82200A2E19DF80520E1
:1073100040F26471C2F2000140F2BA60C2F20000B1
:10732000063041F8220094E19DF8052040F2647196
:10733000C2F2000140F2BA60C2F20000043041F82B
:10734000220086E19DF8052040F26471C2F200013E
:1073500040F24C00C2F200001A3041F8220078E1FD
:107360009DF8052040F26471C2F2000140F24C0029
:10737000C2F200001C3041F822006AE19DF80520AD
:1073800040F26471C2F2000140F24C00C2F200000F
:107390000A3041F822005CE19DF8052040F264715A
:1073A000C2F2000140F24C00C2F200000C3041F881
:1073B00022004EE19DF8052040F26471C2F2000106
:1073C00040F24C00C2F200000E3041F8220040E1D1
:1073D0009DF8052040F26471C2F2000140F24C00B9
:1073E000C2F20000163041F8220032E19DF805207B
:1073F00040F26471C2F2000140F24C00C2F200009F
:10740000183041F8220024E19DF8052040F2647113
:10741000C2F2000140F24C00C2F20000223041F8FA
:10742000220016E19DF8052040F26471C2F20001CD
:1074300040F24C00C2F20000243041F8220008E182
:107440009DF8052040F26471C2F2000140F228006C
:10745000C2F20000043041F82200FAE09DF8052055
:1074600040F26471C2F2000140F22800C2F2000052
:10747000063041F82200ECE09DF8052040F26471EE
:10748000C2F2000140F22800C2F2000041F82200DE
:10749000DFE09DF8052040F26471C2F2000140F285
:1074A0002800C2F20000023041F82200D1E09DF82D
:1074B000052040F26471C2F2000140F21070C2F285
:1074C000000041F82200C4E09DF8052040F26471FC
:1074D000C2F2000140F21870C2F2000041F822002E
:1074E000B7E09DF8052040F26471C2F2000140F25D
:1074F0002040C2F20000343041F82200A9E09DF89B
:10750000052040F26471C2F2000140F22040C2F254
:107510000000403041F822009BE09DF8052040F239
:107520006471C2F2000140F22040C2F20000243037
:1075300041F822008DE09DF8052040F26471C2F20E
:10754000000140F22040C2F20000263041F8220043
:107550007FE09DF8052040F26471C2F2000140F224
:107560002040C2F20000303041F8220071E09DF866
:10757000052040F26471C2F2000140F22040C2F2E4
:107580000000323041F8220063E09DF8052040F20F
:107590006471C2F2000140F2BA60C2F2000002302F
:1075A00041F8220055E09DF8052040F26471C2F2D6
:1075B000000140F2BA60C2F2000041F8220048E047
:1075C0009DF8052040F26471C2F2000140F2BA60F9
:1075D000C2F200000C3041F822003AE09DF805208C
:1075E00040F26471C2F2000140F2BA60C2F20000DF
:1075F0000E3041F822002CE09DF8052040F2647125
:10760000C2F2000140F2BA60C2F200000A3041F852
:1076100022001EE09DF8052040F26471C2F20001D4
:1076200040F2BA60C2F20000083041F8220010E0D7
:1076300003208DF804009DF8042040F23A70C2F255
:107640000000E0210823FDF737FE00208DF8070039
:1076500003E001208DF80700FFE79DF8070002B066
:1076600080BDD4D4B0B540F26C71C2F200010020EC
:10767000086041F288324A603F228A6040F202721A
:10768000C2F200021278CA6040F22672C2F2000210
:10769000B2F900200A6140F22872C2F20002128898
:1076A0004A6140F22A72C2F2000212888A6140F2F4
:1076B000B862C2F200021278CA61086240F22C720B
:1076C000C2F2000212784A6240F2A863C2F20003DA
:1076D0001A688A6240F24862C2F20002B2F900C03F
:1076E000C1F82CC0B2F902C0C1F830C0B2F820C055
:1076F000C1F834C0B2F822C0C1F838C040F24C0C16
:10770000C2F2000CBCF91EE0C1F83CE0BCF920E07C
:10771000C1F850E040F23814C2F20004B4F900E0BD
:10772000C1F840E0B4F902E0C1F844E0B4F820E068
:10773000C1F848E0B4F822E0C1F84CE040F2681E1D
:10774000C2F2000EBEF900504D65B4F902408C65DE
:10775000BEF82040CC65BEF822E0C1F860E0486683
:107760008866C866086740F2187EC2F2000EDEF82E
:1077700000E0C1F874E0BCF91AE0C1F878E0BCF9A7
:107780001CC0C1F87CC041F2707CC1F880C04FF0D1
:10779000C80CC1F884C0B3F908C0C1F888C0B3F9F7
:1077A0000A30C1F88C30B2F91030C1F89030B2F91B
:1077B0001220C1F89420C1F89800C1F89C00C1F8CB
:1077C000A000C1F8A40040F2B813C2F20003B3F95C
:1077D0000020C1F8A820B3F90220C1F8AC20B3F909
:1077E0003E20C1F8B02040F22042C2F20002D2F89E
:1077F0000CC0C1F8B8C0B2F914C0C1F8BCC0B2F92D
:1078000058C0C1F8C0C0B2F95AC0C1F8C4C0B2F87B
:1078100078C0C1F8C8C0B2F87A20C1F8CC2040F2D4
:107820003E62C2F20002B2F904C0C1F8D0C092F9BF
:107830000220C1F8D42040F29402C2F20002B2F950
:107840004420C1F8D820C1F8E000C1F8E400C1F834
:10785000E800C1F8EC00C1F8F000C1F8F400C1F88C
:10786000F800C1F8FC00C1F80001C1F80401C1F83A
:107870000801C1F80C01C1F81001C1F81401C1F8E8
:107880001801C1F81C01C1F82001C1F82401C1F898
:107890002801C1F82C0140F22802C2F20002B2F91C
:1078A00004C0C1F830C1B2F90620C1F8342140F259
:1078B0000842C2F20002B2F900C0C1F838C1B2F801
:1078C00006C040F2002EC2F2000EDEF800400CFBB3
:1078D00004FC9488BCFBF4FC1FFA8CFCC1F840C18A
:1078E000D2F808C04FF47A740CFB04FCDEF80050A8
:1078F0009CFBF5FCC1F844C1D2F80CC00CFB04FCA5
:10790000DEF800E09CFBFEFCC1F84CC1B3F820C0DF
:10791000C1F850C15B8CC1F85431C1F85801C1F8AD
:107920005C01B2F91020C1F86021C1F86401C1F80E
:107930006801C1F86C01C1F870014FF47A62C1F8B6
:10794000742147F64062C0F20502C1F8782148F27E
:10795000C012CFF6FA72C1F87C21C1F88001C1F8DB
:10796000840140F20470C2F200000268C1F888216C
:1079700040F27862C2F20002B2F90030C1F88C31F4
:10798000B2F92630C1F89031B2F92830C1F89431FB
:10799000B2F90430C1F89831138CC1F89C31538C82
:1079A000C1F8A031928CC1F8A4218068C1F8A80167
:1079B00040F2F260C2F200000288C1F8CC21428895
:1079C000C1F8D0218288C1F8D421C288C1F8D82159
:1079D0000289C1F8DC214089C1F8E00140F2EC00E5
:1079E000C2F2000090F93D20C1F8E82190F84A0069
:1079F000C1F8F00140F23820C2F2000090F83D20BA
:107A0000C1F8EC214269C1F820238069C1F8240340
:107A10004FF60040C0F600004FF4807200F002F80C
:107A2000B0BDD4D480B588B007900691ADF81620CB
:107A3000FBF7E2F9079800F1784004900498800A77
:107A400003900498C0F38700ADF80A00BDF80A005F
:107A5000C0F58070ADF80800BDF81600BDF808103C
:107A6000884205DCFFE7BDF81600ADF80800FFE727
:107A7000FFE70020ADF80600FFE7BDF80600BDF8FF
:107A80000810884216DAFFE7BDF80A00BDF80610B4
:107A9000014441F6E430C2F2000050F82100013008
:107AA00008B1FFE706E0FFE7BDF806000130ADF8DA
:107AB0000600E2E7BDF80600BDF80810884235DA96
:107AC000FFE703994FF0006000EB8120FBF7AEF970
:107AD0000020ADF80600FFE7BDF80600BDF808106D
:107AE000884215DAFFE70698BDF8061050F8210025
:107AF000BDF80A200A4441F6E431C2F2000141F81F
:107B00002200FFE7BDF806000130ADF80600E3E70C
:107B100003994FF0006000EB812041F6E431C2F29E
:107B200000014FF4807200F03FF806E007980699D4
:107B3000BDF8082000F038F8FFE7BDF81600BDF8E2
:107B40000810884201D1FFE72AE003980130039032
:107B50000020ADF80A00BDF80810069800EB81007F
:107B60000690BDF80810079800EB81000790BDF85B
:107B70000810BDF81600401AADF81600BDF8160042
:107B8000B0F5807F05DDFFE74FF48070ADF80800A9
:107B900004E0BDF81600ADF80800FFE7FFE768E76E
:107BA000FBF73AF908B080BD80B584B0039002912C
:107BB000ADF806200020ADF80400FFE7BDF8040092
:107BC000BDF80610884212DAFFE703980299BDF863
:107BD000042051F82210FBF787F903980430039032
:107BE000FFE7BDF804000130ADF80400E6E704B09B
:107BF00080BDD4D483B0029000208DF807008DF8AA
:107C00000600ADF80400ADF80200029808B9FFE7DD
:107C100043E002994878897840EA0120ADF80200F3
:107C200002984178BDF804000844ADF804000298B9
:107C30008178BDF804000844ADF80400029801788A
:107C4000BDF804000844ADF8040000208DF80600DB
:107C5000FFE79DF80600BDF80210884211DAFFE741
:107C600002989DF806100844C178BDF80400084445
:107C7000ADF80400FFE79DF8060001308DF806001E
:107C8000E7E7BDF804008DF807009DF805109DF8A2
:107C9000070008448DF80700FFE79DF8070003B0D0
:107CA0007047D4D480B582B00021ADF806101C20F6
:107CB000C4F20200FAF71AFE40F2CC60C2F20000F1
:107CC000007840F67232C2F2000240F62E0110FB3C
:107CD00001202821C4F20201086040F2CD60C2F206
:107CE0000000007820B3FFE7FFE7BDF90600232876
:107CF0001DDCFFE7BDF9061040F2CE60C2F20000C5
:107D0000405C40F2CC62C2F20002127840F6723C53
:107D1000C2F2000C40F62E0312FB03C2114481F89C
:107D20000A08BDF806000130ADF80600DDE7FFE700
:107D30001C20C4F20200009040F62E01FAF7ACFDC0
:107D400000980121FAF7D2FD02B080BD70B582B073
:107D500040F26471C2F200010868B0F800E040F23D
:107D6000CC62C2F20002107840F6723CC2F2000C03
:107D700040F62E0310FB03C440F20450C2F2000090
:107D8000019005886E1C068004F805E0D1F800E03B
:107D90009EF801E0147814FB03C405886E1C06806D
:107DA00004F805E0D1F804E0BEF800E0147814FB14
:107DB00003C405886E1C068004F805E0496849780C
:107DC000127812FB03C2038803F1010CA0F800C073
:107DD000D154008840F60901884211DBFFE7FFF724
:107DE00061FF40F2CC61C2F20001087880F001002E
:107DF000087040F20451C2F200010A200880FFE737
:107E000002B070BD80B586B000200190ADF81400BE
:107E100004900390029041F6CE31C2F20001087046
:107E200040F2A861C2F200010860486040F24C02D2
:107E3000C2F20002BDF81410D181BDF81210918178
:107E4000BDF810105181BDF814109182BDF81210C8
:107E50005182BDF810101182BDF80A101183BDF8CF
:107E60000810D182BDF80E109183BDF80C1051831B
:107E7000BDF80E109184BDF80C105184BDF80E10A1
:107E80001184BDF80C10D18340F22802C2F2000226
:107E9000BDF80E10D180BDF80C109180BDF80A100D
:107EA0005180BDF80810118040F26811C2F2000143
:107EB000486140F23811C2F20001486140F2486165
:107EC000C2F20001486140F27861C2F200014861EB
:107ED00040F29A10C2F20000418A0180418A41803A
:107EE000418A8180418AC180418A0181418A4181E0
:107EF000418A42F63442C4F201021160418A42F6DC
:107F00003842C4F201021160408A42F63C41C4F298
:107F10000101086040F22040C2F20000FCF704FFBB
:107F2000019840F20841C2F200014875887540F29C
:107F30000021C2F200014861086106B080BDD4D4BE
:107F400080B52DED028B92B040F20020C2F200000D
:107F5000FCF71AFD40F22041C2F2000111910A68BB
:107F6000486892ED000AB1EE400A90ED001A9FEDCC
:107F7000982A8DED012A21EE021A80EE010AB0EE58
:107F8000001A8DED021A80EE012AB0EE081A8DED6E
:107F9000031A80EE013AB1EE001A8DED041A80EE5C
:107FA000014AB1EE041A8DED051A80EE015AB1EEC8
:107FB000081A8DED061A80EE016AB1EE0C1A8DEDED
:107FC000071A80EE017AB2EE001A8DED081AC0EEA3
:107FD000010AB2EE021A8DED091AC0EE011AB2EED4
:107FE000041A8DED0A1AC0EE012AB7EE001A8DEDC3
:107FF0000B1A72EE812A61EEA21A71EE811A60EEFE
:10800000A10A70EE810A27EE207A37EE017A26EE79
:10801000076A36EE016A25EE065A35EE015A24EE5D
:10802000054A34EE014A23EE043A33EE013A22EED9
:10803000032A32EE012A20EE020A30EE010A9FEDF9
:10804000651A20EE010ABDEEC00A10EE100A088182
:10805000086849680C9190ED001A8DED001A9FEDAB
:108060005E0A80EE010A10EE100A02F033F99DED6F
:10807000000ADDED014A9DED022A9DED033A9DEDDA
:10808000044A9DED055A9DED066A9DED077ADDEDEA
:10809000080ADDED091ADDED0A2A9DED0B1A0246EC
:1080A0000C980D920A460D9942EC181B8DED0E8B23
:1080B000B1EE400AD0ED003A63EEA43A80EE230A16
:1080C00080EE022A80EE033A80EE044A80EE055AE2
:1080D00080EE066A80EE077AC0EE200AC0EE211A12
:1080E000C0EE222A72EE812A61EEA21A71EE811A86
:1080F00060EEA10A70EE810A27EE207A37EE017A4F
:1081000026EE076A36EE016A25EE065A35EE015A6A
:1081100024EE054A34EE014A23EE043A33EE013AE6
:1081200022EE032A32EE012A20EE020A30EE010A84
:1081300010EE100A02F0CEF841EC100B53EC102BAD
:108140009FED1F0B51EC100B02F0ECFB9DED0E0BA5
:1081500041EC110B53EC112B51EC100B02F0D8FB3E
:1081600041EC100B51EC100B9FED170B53EC102B47
:1081700002F0CEFB41EC100B51EC100B02F0E8F8D2
:10818000119908610A20FCF79DFB40F21C71C2F2B4
:108190000001086040F2B561C2F2000100200870E1
:1081A00000F01CF8FFF72EFE40F2BA61C2F20001A7
:1081B0000120087412B0BDEC028B80BD00BF00BF6F
:1081C000000000000000F03F00000000C0FFDF40A2
:1081D00000007A4600FEFF46CF253D3F80B542F6BF
:1081E0000040C4F201000021FBF7D2FB80BDD4D4D3
:1081F00080B586B042F60040C4F20100049000222F
:1082000001921146FBF782FA019A04980221029129
:10821000FBF77CFA019A049804210591FBF776FAA2
:108220000120FCF7A1F80199049840F29A12C2F2D9
:1082300000020392528AFBF769FA0299039A0498A2
:10824000528AFBF763FA039A04980599528AFBF75E
:108250005DFA06B080BDD4D480B542F60040C4F2C9
:1082600001000121FBF7E2F880BDD4D480B542F6CD
:108270000040C4F201000021FBF7D8F880BDD4D43F
:1082800080B582B040F24C00C2F2000001900321A0
:10829000FCF748F90146019840F2B462C2F20002CC
:1082A0001170006B0421F9F7A5FF0198006B802184
:1082B0000122F9F727FD02B080BDD4D440F224702A
:1082C000C2F20000018801310180028840F228706A
:1082D000C2F200000188B2FBF1F000FB112038B9B6
:1082E000FFE740F22471C2F2000100200880FFE79E
:1082F00040F22470C2F20000008840F22A71C2F2FB
:108300000001098888421FDAFFE740F23C60C2F2B0
:108310000000007802280BD1FFE740F22670C2F27D
:108320000000008840F24C01C2F2000108840AE01B
:1083300040F22670C2F20000008840F24C01C2F206
:108340000001C883FFE716E040F23C60C2F2000083
:108350000078022807D1FFE740F24C01C2F2000189
:108360000020088406E040F24C01C2F20001002027
:10837000C883FFE7FFE7704780B542F20040C4F2D0
:1083800001000121F9F7DEFE80BDD4D480B540F2B2
:108390002800C2F2000040F29A11C2F2000100F07F
:1083A0001BFA80BD80B582B040F29A10C2F2000084
:1083B0000090B0F9062042F60040C4F2010001909E
:1083C0000021FBF7A3F900990198B1F908200221D7
:1083D000FBF79CF900990198B1F90A200421FBF7F9
:1083E00095F902B080BDD4D4002103E00B4B5B585B
:1083F0004350091D0A480B4B42189A42F6D30A4AC9
:1084000002E0002342F8043B084B9A42F9D3F9F703
:10841000FDFA00F00FF8F7F7F3FE7047E0B0000840
:1084200000000020540500206005002008200020E6
:10843000FEE7D4D4B0B502AF0B4C0C48001B85103E
:108440001DB101CC8047013DFAE7094808B100F0B1
:1084500000F8084C0848001B85101DB101CC80476E
:10846000013DFAE7B0BD00BFDCB00008DCB0000899
:1084700000000000DCB00008DCB000080C4BD3F8B2
:10848000F337DBB2023B162B0DD8DFE803F00E0CFE
:108490000E0E0C0E0E0E0C0C0C0E0E0E0C0C0E0C0A
:1084A0000C0C0C0C0E00002070470120704700BF20
:1084B00000F0FF1F014B187B704700BF00F8030856
:1084C00070B5FFF7DBFF0028FDD08D4B19698D4A91
:1084D000118059698C4A118099698C4A1180D96937
:1084E0008B4A1170196A8B4A1170596A8A4A117045
:1084F00000258A4A15608A4AD96A1180196B518011
:10850000596B11849C6B5484D3F890001082D3F87B
:1085100094105182A0409060A140D160814AD583DF
:10852000814A196C1180596C5180996C1184DB6CF3
:1085300053847E49B1F9141001FA03F393607C4A25
:108540001278032A14BF5B420023774AD3600020CD
:10855000744B1884774A6A4B5C6D14809C6D548010
:10856000DC6D14841C6E5484704DB5F91650A54012
:108570009560A1404942D160684AD3F888101181C2
:10858000D3F88C1051816C4AD3F8A8101180D3F81D
:10859000AC105180D3F8B010D1874C425482D3F83C
:1085A00050411484D3F854415484A1404942D160CD
:1085B000624AB3F9B810D160D3F8BC109182D3F8F5
:1085C000C010A2F85810D3F8C410A2F85A10D3F86B
:1085D000C810A2F87810D3F8CC40A2F87A4047F639
:1085E000FF71A140116649425166554AD3F8D01037
:1085F0009180D3F8D4109170D3F8D820514DA5F8BC
:1086000044205200A5F84620D3F8DC20AA60D3F815
:10861000B021AA75D3F8E0104B4A11704B4CD3F837
:10862000382122804A4A1268E18802FB01F1D3F81E
:108630004061B1FBF6F1A180D3F8441102FB01F1D6
:10864000444EA6FB01C18909A160D3F84C1101FB7E
:1086500002F2A6FB02129209E260D3F860212282A4
:10866000D3F87421AA623C4A10603C4AD3F88C11BA
:108670001180B3F990115180D184D3F894111185F0
:10868000D3F898119180D3F89C111184D3F8A001EC
:108690005084D3F8A4119184D3F8801011824C42F5
:1086A0005482814091604942D1602D49D3F8E8213C
:1086B00081F83D202B4AD3F8CC011080D3F8D001AB
:1086C0005080D3F8D4019080D3F8D801D080D3F86B
:1086D000DC011081D3F8E0015081D3F8F02181F85A
:1086E0004A20214AD3F8EC3182F83D301F4B1968FB
:1086F00051615B689361D1611362012070BD00BF5D
:1087000000F8030826070020280700202A07002079
:10871000B80600203D0600202C070020A8060020F7
:10872000480600204C0000203801002028000020CE
:108730000207002068010020B8010020200400206A
:108740003E06002094000020B90600200804002006
:1087500000020020D34D621004070020780600209C
:10876000EC000020F20600203802002020FB030865
:108770008161B0F90220436901FB023343618268E1
:10878000934224DD4261B0F9003001FB03F3028C17
:108790001341B0F822C0426942FA0CF21344C26994
:1087A0008A1AB0F904C00CFB02F2B0F824C042FAF5
:1087B0000CF21344C362B0F910209A4204DBB0F902
:1087C00012209A42B8BF1A46C16110B27047C268FF
:1087D0009342B8BF4261D6E72DE9F0410446B0F9B3
:1087E000022050424610B4F9003046F6D96C0CFB1A
:1087F00003FC931003EB2C439DB29C46C0F34F0245
:10880000C2F1000E1FFA8EFEAEEB05031FFA83F8CD
:108810001BB2184603FB06F7002F0CDB5EB1A8EB7A
:10882000020213B26A4215B2002EB4BF0022032224
:10883000227660461BE000FB0CF000280DDB63B1E4
:1088400002EB450000B20FFA8EFE002BCCBF0123D5
:10885000042323763546734609E0A81800B2521B5C
:1088600015B2BCF1000FB4BF022205222276B1F886
:1088700014C04A8A0CFB00F002EB204000B20880D2
:10888000C8800CFB03F302EB23431BB24B800B812C
:108890000CFB05FC02EB2C4212B28A804A81BDE837
:1088A000F081D4D410B582B047F6FF73ADF8043030
:1088B00045F68223ADF80630B0F5803F03DA002399
:1088C0000B8002B010BD002340001AB20133002813
:1088D000FADC400C174B00FB03F347F2C00C0CEB27
:1088E000234C02F0010302AC04EB430333F9043CD4
:1088F0004FEAE37E104C00FB0C40C41703FB04F46A
:1089000000FB0E44A3FB0030204452101E3214B270
:10891000C2F12002B4F1200C23FA04F300FA02F2AF
:1089200043EA02035CBF40FA0CFC43EA0C030B80F1
:10893000C7E700BF46CDFFFF7C2C4E1410B582B0B8
:108940000C46B0F90630006903FB13030DF1060174
:108950005800FFF7A7FFBDF9063023825A42628212
:10896000628C9340A3605B42E36002B010BD10B51F
:1089700082B00446B0F90430B0F9060000FB00F004
:1089800003FB0303E3602269934201DC02B010BDE4
:10899000101A0DF106014000FFF784FFB4F904300E
:1089A000002BBDF80630B8BF5B42A380EEE7D4D4FD
:1089B000034690F91420012A0FBFB0F91020028A53
:1089C000524212B20A8000224A801C49B1F90020AA
:1089D000501C088099888A422EDD194AB2F900207D
:1089E000B3F90010914220DDD9880A4414490A8065
:1089F00014490A8801320A800020104A002111809F
:108A000093F91420012A5A880E4909880CBF52187C
:108A1000521A12B25A80002ABCBFA2F5004212B20A
:108A20005A8208B100225A807047054A00211180FD
:108A30000120044A1080E0E70020E1E7EE1F00205B
:108A40000420002052050020F8B505460C461646C5
:108A5000B0F9340001F036F80746B5F9340001F0FA
:108A60000FF800FB04F4E41307FB06F1C913AB6B2A
:108A700093F90030B3F1FF3F214418BF494209B2D6
:108A800005F15800FFF774FEF8BDD4D42DE9F04F7E
:108A90002DED028B91B004468E46B0F9343001932F
:108AA000B0F92410B0F908B04FEAEB730293CDF897
:108AB00028B04FEAE17C01FB03F20BFB0C22A1FB87
:108AC0000B3C6244C6680396F0170746049035468F
:108AD0000B96CDF800E0DEF80400B0F90000401A73
:108AE0004100C01706FB00FC01FB07C6A5FB015CAB
:108AF000B444ED1842EB0C0C26694FEAE6790C966B
:108B0000BEF91A304FEAE37E03FB09F206FB0E22A0
:108B1000A3FB06E31A441EEB050542EB0C02B4F975
:108B200030304FEAE37E03FB09FC06FB0ECCA3FBCF
:108B3000063EF444EB1A62EB0C0C864A93427CF13D
:108B4000FF32BCBF834B4FF0FF3C1D46B3F1804F5B
:108B50007CF10003A8BF6FF04045ED0BA584B4F98C
:108B600014200592D51706950D92A36A01FB05F511
:108B700002FB0055A1FB02A0054413EB0A0A45EBDA
:108B8000E375B4F932100791C81708900E91724B33
:108B9000B3F900804FEAE8730993CDF83C8094ED77
:108BA000068A01FB03F308FB0033A1FB080119440B
:108BB00001F06AFC07EE900A67EE887A17EE900AD9
:108BC00001F0F2FBBAEB000065EB0101614B98424A
:108BD00071F1FF33BCBF5F484FF0FF310546B0F184
:108BE000804F71F10003A8BF6FF04045A56245F3C7
:108BF000CF352586B4F92630DA17029903FB01F147
:108C00000BFB02120A99A3FB01B11144009F7A6881
:108C1000B2F90220D31A4FEA430ADB170093D44675
:108C2000039803FB00F0049B0AFB03000B9BA3FBD0
:108C30000A2E704412EB0B0241EB0000B7F91C70D6
:108C40004FEAE77E07FB09F106FB0E110C9BA7FB21
:108C5000037E7144BA1841EB0001089F06FB07F739
:108C60003E46079F07FB096918460E9BA0FB037051
:108C70008144D71B61EB0900364A974270F1FF33FC
:108C8000BCBF17464FF0FF303A46B7F1804F70F146
:108C90000003A8BF6FF04042D20BE284E26A059B5A
:108CA000009903FB01F10B4606990AFB013A0D9B63
:108CB000A3FB0C6CE24496194AEBE27AEB17099994
:108CC00005FB01F108FB03180F9BA5FB03014144C1
:108CD00001F0DAFB07EE900A67EE887A17EE900A49
:108CE00001F062FB86194AEB010A1A4B9E427AF1A7
:108CF000FF33BCBF174E4FF0FF3A3246B6F1804FFC
:108D00007AF10003A8BF6FF04042E26242F3CF3233
:108D1000628629462046FFF797FE03460E4A1080DA
:108D20000198184482B200B20028BCBFA2F50040EE
:108D300000B207EE903AF8EEE77A94ED157A67EE16
:108D4000877AFDEEE77AC4ED0F7A11B0BDEC028BA5
:108D5000BDE8F08F010000C0F81F002038B50546BF
:108D60000C460021206BF9F7FFF9E38C1B1A1B015D
:108D700063810121206BF9F7F7F9238D1B1A1B0181
:108D8000A3810221206BF9F7EFF9638DC31A1B0150
:108D90009BB25A42E281B5F91420023A052A09D859
:108DA000DFE802F003090D13171DA389C3EBC333DA
:108DB0005B00EB8238BD63895B422B83FAE76389F2
:108DC000C3EBC3335B006B83F4E7A3895B42AB83E4
:108DD000F0E76389C3EBC3335B00EB83EAE72B84E3
:108DE000E8E7D4D4D4D4D4D4D0B504464368D3ED82
:108DF000007AB0EE087A67EE877A026892ED007A20
:108E0000C7EE876ADFED5E7A87EEA67A428A07EEC2
:108E1000902AF8EEE77AF4EEC77AF1EE10FA04D56C
:108E2000BCEEC77A17EE102A4282A28A618A91426A
:108E300088BF6282628A07EE902AF8EE677A93ED25
:108E4000007A67EE877A9FED4F7A67EE877A17EEA2
:108E5000900A01F03FFAD4E9022301F059FD0646D9
:108E60000F46208A01F08CFB02460B4630463946FD
:108E700001F026FA41EC100BC4E9080100F054FBA4
:108E800051EC100B3CA3D3E9002301F019FA41EC9B
:108E9000100B00F09DFD53EC102B00203A4901F01F
:108EA00041FD01F095FA80B20F2828BF0F20A0865F
:108EB000012303FA00F001F063FBD4E9082301F079
:108EC00027FD01F045FA2086638A07EE903AF8EE16
:108ED000677A236893ED007A67EE877A9FED297AA7
:108EE00067EE877A17EE900A01F0F4F9D4E90223CD
:108EF00001F00EFD06460F46208A01F041FB0246B6
:108F00000B463046394601F0DBF906460F46A069AC
:108F100001F036FB02460B463046394601F0D0F9E7
:108F200041EC100BC4E90A0100F0FEFA51EC100B01
:108F300011A3D3E9002301F0C3F941EC100B00F0B9
:108F400047FD53EC102B00200F4901F0EBFC01F022
:108F50003FFA80B20F2828BF0F20E086012303FAD2
:108F600000F001F00DFBD4E90A2301F0D1FC01F07F
:108F7000EFF96086D0BD00BFEF39FAFE422EE63F22
:108F80004CBE8C40D7B3DD3F00002A40D4D4D4D4AB
:108F9000F8B504460369B3F90050284601F0F0FA29
:108FA00006460F46B4F90A0001F0EAFA20A3D3E915
:108FB000002301F0ADFC02460B4630463946F7F778
:108FC000F3F818B194F83230C72B15D994F8323031
:108FD000203324F81350002211462068FAF796FB3C
:108FE000002203212068FAF717FC002384F83C30A4
:108FF000092384F83E30F8BD012203212068FAF7E6
:109000000BFCA28E00212068FAF780FB94F8323026
:109010002269B2F9001003F1200224F81210013382
:1090200084F83230012384F83C30E4E7AFF3008069
:10903000333333333333EB3F2DE9F04F9BB081466D
:1090400090F83E30092B00F24E82DFE813F00A0060
:109050002C003C0070008000B400C400F800A501A2
:10906000CA010369B3F90030B0F90A209A420DDB56
:10907000828E013292B203899A4228BF1A468286B2
:1090800092B200210068FAF741FB2CE2826B118852
:10909000B94A1180818EB94A1180B94A13800123DF
:1090A00080F83E301FE2B74A138801339BB2138029
:1090B000028E9A4280F01782B24B00221A8002235D
:1090C00080F83E300FE20369B3F90060304601F0EA
:1090D00057FA04460D46B9F90A0001F051FA002288
:1090E000A94B01F015FC02460B4620462946F7F72E
:1090F00069F868B1B9F8343013B1013BA9F83430DC
:10910000B9F834200021D9F80000FAF7FFFAEAE1B3
:10911000D9F838301A88984B5A80B9F83420974BD0
:109120005A80974B5E80032389F83E30DBE1954AF5
:10913000138801339BB21380028E9A4280F0D38150
:10914000904B00221A80042380F83E30CBE1036963
:10915000B3F90060304601F013FA04460D46B9F940
:109160000A0001F00DFA0022884B01F0D1FB024603
:109170000B4620462946F7F725F868B1B9F8343090
:1091800013B1013BA9F83430B9F834200021D9F8E3
:109190000000FAF7BBFAA6E1D9F838301A88764B06
:1091A0009A80B9F83420754B9A80754B9E800523C0
:1091B00089F83E3097E1734A138801339BB21380DC
:1091C000028E9A4280F08F816E4B00221A80062315
:1091D00080F83E3087E10369B3F90060304601F062
:1091E000CFF904460D46B9F90A0001F0C9F9002289
:1091F000674B01F08DFB02460B4620462946F6F7E9
:10920000E1FF68B1B9F8343013B1013BA9F834304B
:10921000B9F834200021D9F80000FAF777FA62E1B2
:10922000D9F838301A88544BDA80B9F83420534BC7
:10923000DA80534BDE80072389F83E3053E1514AF0
:10924000138801339BB21380028E9A4280F04B81C7
:10925000002211460068FAF759FA4FF0000BC9F8DE
:1092600014B099ED0A7B8DED007BB9F80800013050
:1092700001F086F9CDE90201404CDFF8FCA0DFF8EF
:109280000081CDF81490BAF90090B8F90050B4F903
:10929000000001F075F906460F46484601F070F9E6
:1092A00002460B463046394601F032FB06460F4671
:1092B00034F9023F3AF9020F03FB00F001F060F9C4
:1092C00002460B463046394601F02CFBDDE900230F
:1092D00001F01EFB24A3D3E9002300F0F1FFDDE938
:1092E000022300F0EDFF06460F4638F9020F281A58
:1092F00001F046F902460B4600F0EAFD1CA3D3E953
:10930000002300F0DDFF02460B463046394600F0F0
:10931000D7FF06460F46584600F0DCFF02460B46D4
:109320003046394600F0D4FD01F0A4FB8346194BCA
:109330009C42A8D1DDF81490B0EE087A07EE900AAE
:10934000C7EE877AC9ED057A0023C9F818300B4BB0
:109350001B88A9F834300B4B00221A80082389F8A7
:109360003E30C0E0AFF300800000000000FEAF40E0
:1093700000000000C0FFDF40E41F0020F01F0020BD
:10938000FC1F0020EC1F00200000E83F0000E03F31
:109390000000D03FF61F00200369B3F90020B0F9A8
:1093A0000C309A4200F39F805A4A13780133DBB2A3
:1093B0001370092B40F29780574B1B78092B06D866
:1093C000012380F83C30534B00221A708BE00023BD
:1093D000514A1370838680F83E30022380F83D3076
:1093E000F1E74E4B1B78B0F90C100133DBB203F1FF
:1093F000200239F912208A42F7DB99F83250EC1A30
:1094000004EBD474C4F34704A5EB040A5FFA8AFAA8
:109410000AF1200339F913B099ED057A07EE904A65
:10942000F8EEE77A27EE677AD9ED017AF8EEE77A77
:10943000C7EE277A17EE900A00F04CFF06460F465B
:1094400005F1200339F91300A0EB0B0001F098F8A7
:10945000CDE90001AAEB0404E4B2203439F9140088
:10946000ABEB000001F08CF802460B46DDE9000191
:1094700000F026FF41EC100B00F056F853EC102BD7
:1094800025490C781AA901EBC4083046394600F08A
:1094900017FF48E9140100231946DAB2203229F8EF
:1094A00012100133DAB29542F7D200231B4A13702F
:1094B00089F832300134E4B2174B1C70092C15D8EE
:1094C000013C1AAB03EBC404D9F8180000F002FF0A
:1094D00054E9142300F0FCFC01F0CCFAC9F81800A0
:1094E000082389F83E301BB0BDE8F08F013C1AAB71
:1094F00003EBC404D9F8180000F0ECFE54E914237F
:1095000000F0E6FC0022064B00F0DAFE01F0B2FAB1
:10951000E4E700BF0720002006200020FA1F0020FB
:1095200000002440D4D4D4D4F0B503AF2DE9800F8B
:109530002DED0A4B54EC100BB4F5801F12DA24F019
:109540000041014360D0B4F1FF3F40F306819FED3D
:10955000D20B214600F0EEF941EC100B0C466FF0F7
:10956000350000E00020EC498C420CDB51EC100B84
:1095700002460B4600F0ACFC41EC180BB0EE480A7A
:10958000F0EE680A64E1A246E44900EB24506FF370
:109590001F5A514400EB1150A0F2FF3B01F4801020
:1095A000DF495044414052EC100B9FEDBD0B00F0E1
:1095B000BDF90546A01C0E466FF31F5002282DD89A
:1095C0009FEDD18B2846314653EC182BF6F7D0FD92
:1095D000002800F0CB80BBF1000FCFD0584600F040
:1095E000CFFF9FEDC70B04460D4600F0A3F99FED9A
:1095F000C00B064688462046294600F09BF93246B5
:10960000434600F065FC21E10120BDEC0A4B01B0AE
:10961000BDE8000FBDE8F04000F0A2B99FEDA20B3D
:109620002846314600F082F902460B46284631466C
:109630000695079600F044FE02460B4603900491FF
:1096400001F066F902460B4606460C4601F060F949
:109650009FED970B8046894600F06CF99FED960BC5
:1096600000F064F900F06AF99FED950B00F05EF9E7
:1096700000F064F99FED940B0546CDF814B08B46CD
:109680004046494600F056F99FED910B00F04EF927
:1096900000F054F99FED900B00F048F900F04EF9FE
:1096A0009FED8F0B00F042F902460B4630462146F3
:1096B00001F02EF902460B4628465946059D00F05A
:1096C00007FC814697488B469749A0EB0A00514416
:1096D00041EA0004284600F053FF0E46012C019099
:1096E0007DDB02969FED840BDDF81880079C53EC20
:1096F000102B4046214601F00BF902460B4640462E
:10970000214601F005F94A465B468246009100F089
:10971000DFFB06468B46002D00F0A0809FED780B06
:10972000DDF80490029953EC102B484601F0F0F854
:1097300044460546884600F007F92A46434600F0AD
:10974000C7FB00F007F9079B224601F0EBF89FEDFD
:10975000680B04460D4648466FE0BDEC0A4B01B06D
:10976000BDE8000FBDE8F04000F00AB99FED680BBE
:109770002846314600F0DEF89FED5F0B00F0D6F88A
:1097800004468846284631462A46334601F0C0F84A
:109790002246434601F0BCF804468A46BBF1000F5E
:1097A00065D0584600F0ECFE9FED4F0B8046894691
:1097B00000F0C0F802460B462046514600F088FBF8
:1097C0002A46334601F0AEF89FED490B04460E469B
:1097D0004046494600F0AEF82246334634E0DDF814
:1097E00018A0DDF81C804A465B465046414601F011
:1097F00099F804468946002D40D09FED3B0BDDF8DB
:1098000004B0314653EC102B584601F081F8029613
:1098100005460E4622464B46DDE9030101F078F885
:109820002A46334600F054FB5246434601F07AF88C
:109830009FED2F0B04460D46584653EC102B029912
:1098400001F066F822462B4601F06CF841EC100B53
:10985000BDEC0A4B01B0BDE8000FF0BD00F074F89C
:1098600000F078F802460B464046214603E02846C1
:1098700031462246534601F055F87DE6DDE9030105
:1098800022464B4601F044F802460B4650464146FC
:10989000DAE700BF00BF00BF000000000000504337
:1098A000000000000000F0BF0000000000000040C9
:1098B0009FC678D0099AC33FAF788E1DC571CC3F43
:1098C00004FA97999999D93F44523EDF12F1C23F69
:1098D000DE03CB966446C73F599322942449D23F76
:1098E000935555555555E53F763C7935EF39EABDE9
:1098F0000000E0FE422EE63F000000000000E03FD6
:10990000763C7935EF39EA3D0000000000000000A8
:10991000555555555555D5BF0000F07F645F09007A
:109920000000F03F51B8060086EBF9FF53EC102B16
:1099300000F0CEBA53EC102B00F0EABF02460B4603
:109940004046494600F0E4BFDDE9030132465B468C
:1099500000F0DEBF0B4600990246504600F0E2BF21
:1099600003A1002808BF083191ED000B704700BF2C
:10997000000000000000F0FF000000000000F07F89
:1099800080B56F4600F008F89FED010B80BD00BF69
:10999000000000000000F87F51EC100B21F00041A6
:1099A00051EA000204BF02207047B1F5801F3CBF9E
:1099B00003207047054A91423CBF04207047514044
:1099C0000843B0FA80F04009704700BF0000F07F04
:1099D000B0B502AF53EC102B40F21241C3F30A5062
:1099E000A0F2FF3488420AD840F2FE352249A8424C
:1099F00017D803F00040621C08BF08441EE040F284
:109A0000334188421CD39FED1A0BB4F5806F51ECA3
:109A1000100B04BF1946104600F05AFA41EC100B27
:109A2000B0BD1648E040184010431ED001F1404040
:109A30004FF40021E140204119440840002112E088
:109A4000A0F213414FF0FF3424FA01F111420CD07F
:109A500040F23244201A012404FA00F0801820EA6F
:109A6000010143F1000040EC101BB0BD00BF00BF7E
:109A700000000000000000800000F03FFFFF0F002A
:109A800080B200F500531BB2002BBCBFA0F5C04054
:109A900003B29A0903F03F035B02C3F50040084993
:109AA00031F912C00CFB00F0000C0004013231F956
:109AB000122003FB020040F3CF3020F0010070477A
:109AC000BCAC00080028BCBFA0F5004000B2820971
:109AD00000F03F004002C0F50043084931F912C0D0
:109AE0000CFB03F31B0C1B04013231F9122000FBA9
:109AF000023040F3CF3020F001007047BCAC0008CA
:109B00002DE9F04381B0002658EC101BC8F2100676
:109B100028F000439F194D1E54EC110BB7414FF034
:109B2000010C24F000475FD3BD19B0EB0C0275EBBC
:109B3000060259D30A1A73EB07024FF000020746D8
:109B40002346C64638BF0122002A1FBF0F464346A0
:109B50000146A646CEF30A5C7546C3F30A596FF375
:109B60001F55BCF1000F6FF31F535FD0B9F1000F09
:109B70007CD0E80040EA5175D80040EA577084EA8A
:109B80000802FB00BCEB090440F4000000F08C80EC
:109B90003F2C00F28780C4F14006C6F1200700FA8E
:109BA00006F823FA07F747EA080703FA06F6D4F19E
:109BB000200858BF03FA08F758BF00263E4323FA8F
:109BC00004F300FA08F743EA070318BF0126B4F1CB
:109BD000200758BF20FA07F320FA04F043EA0603EF
:109BE00058BF002060E000BF00254A1EC7F6F07590
:109BF00073EB05020AD348F4002040EC111BB0EED1
:109C0000410AF0EE610A01B0BDE8F083421E77EB35
:109C1000050271D344F4002141EC110BB0EE410A6E
:109C2000F0EE610A01B0BDE8F08300BF002D06BF71
:109C3000B1FA81F02030B5FA85F0A0F10B0205FAF7
:109C400002FCC0F12B0521FA05F545EA0C05B0F13F
:109C50002B0658BF01FA06F501FA02F1C0F10C0C0F
:109C600058BF0021B9F1000F7FF483AF002B06BF6E
:109C7000B7FA87F02030B3FA83F0A0F10B02C0F1FD
:109C80002B06934027FA06F63343B0F12B0658BF54
:109C900007FA06F307FA02F7C0F10C0958BF0027CC
:109CA00067E700BF002001230EF00044CF00B2F1AF
:109CB000FF3F45F400060FDDD91940EB0602D00145
:109CC00058D55FEA520203F001004FEA3101014327
:109CD0000CF1010C4EE000BFF91A66EB00027B406C
:109CE0007040184328D19FED761BB0EE410AF0EE8C
:109CF000610A01B0BDE8F08383EA05020A4340F03F
:109D00009F80BCF1010380EA010084EA080266F545
:109D100080177A4058409FED6C0B104350EC102B8D
:109D20001CBF40460A4640EC112BB0EE410AF0EE53
:109D3000610A01B0BDE8F0830020B0EBD25F19D119
:109D4000002A06BFB1FA81F02030B2FA82F0A0F109
:109D50000803C0F128079A4021FA07F73A43283848
:109D600058BF01FA00F201FA03F1ACEB030C58BF43
:109D7000002111E040F2FF7084450DDB44F0E0402B
:109D800040F07F60002140EC111BB0EE410AF0EE84
:109D9000610A01B0BDE8F083BCF1000F2EDC6FF06A
:109DA0001E060CF13F03A6EB0C0602FA03F721FA9C
:109DB00006F52F4301FA03F3CCF101001CF11F0556
:109DC00058BF01FA05F758BF00233B4322FA00F7BA
:109DD00021FA00F1C0F1200002FA00F018BF0123BF
:109DE000002E40EA010058BF0027002E58BF22FA7B
:109DF00006F040EA03014FF0000C3A46C80840EA7A
:109E00004275C2F3D30040EA0C5001F0070740EA64
:109E1000040600F067F802282ED0012822D0B0BB3B
:109E2000681C46F10001042F9CBF284631463BD1F7
:109E300005F001002D1846F1000600F063F82AE055
:109E400087EA050202433FF4DAAE51EA030240EA30
:109E500007062DD0B0EE401A002EF0EE601A7FF407
:109E600069AECCE6002C384618BF0124002F18BF7D
:109E70000120204008E000BFB4FA84F040093946D0
:109E8000002F18BF012108402D1846F10006002FB1
:109E900018BF00F037F846EC115BB0EE410AF0EE67
:109EA000610A01B0BDE8F08305460E46EFE700BF4A
:109EB000002E7FF4A4AE084004EA0801ACE600BF1F
:109EC0000000000000000000000000000000F87F1B
:109ED00080B541EC100B43EC112BFFF711FE51EC58
:109EE000100B80BDF1EE100AC0F38150013802283A
:109EF00084BF002070470249794451F82000704720
:109F0000C4110000F1EE100A40F010010020E1EE53
:109F1000101A7047D4D4D4D42DE9F04F83B054EC48
:109F200010AB51EC11BBC4F30A5781EA04004FF6A1
:109F3000020500F0004CA0460846A7F2FF76CFF6D7
:109F4000FF75C1F30A526FF31F58AE426FF31F50F3
:109F5000C0F090804FF60105A2F2FF76CFF6FF75B4
:109F6000AE4240F28780CDE9017C0021009140F4AF
:109F700080194FEA5B504FF2333140EAC920C7F2F3
:109F80000451091AA0FB01346342A3FB0113C90F5A
:109F900041EA4301A1FB00346342A1FB0313C90F53
:109FA00041EA4301A1FB00346342A1FB0313C90F43
:109FB00041EA43014FEACB244B1EA4FB03140025C6
:109FC000E0FB03450021D4F1010061EB0504A3FB94
:109FD0000445A0FB0303C00F6D0040EA430048F4B2
:109FE000801745EAD47510EB440045EBD373E13894
:109FF0004FEA470463F1000344EADA764FEA4A0481
:10A00000A0FB065CA3FB048EE3FB66ECA0FB040351
:10A010000198821A581941F1000310EB08005EEB19
:10A0200003004CF10003B1EB535F009901EB020513
:10A0300032D1A0FB0B1200FB09224FEA4A5703FB67
:10A040000B224942DC4667EB020805F2FE35DDF8DB
:10A0500008E040F2FF72954238DA012D5EDB6FF3C3
:10A060001F5343EA055A4FEA480343EAD1734900B4
:10A0700062469DE0BAF1010640F2000624F0004578
:10A08000C7F6F07675EB06032AD344F4002040ECC3
:10A0900010AB03B0BDE8F08F5FEA53034FEA300026
:10A0A000A0FB0B1200FB09224FEA0A5603FB0B220E
:10A0B000494205F2FF35DC4666EB020854463E464F
:10A0C000DDF808E040F2FF729542C6DB4EF0E0405A
:10A0D00040F07F60002140EC101B03B0BDE8F08F22
:10A0E00021F00044BBF1010374EB060306D341F4F5
:10A0F000002040EC10BB03B0BDE8F08F85EA0601FC
:10A1000051EA0A0114D184EA060050EA0B0040F03B
:10A1100095809FED690B03B0BDE8F08F15F1350F09
:10A1200012DC00204EEC100B03B0BDE8F08F00BF36
:10A1300084EA060151EA0B0154D100204CEC100BCB
:10A1400003B0BDE8F08F00BFC5F1010123FA01FAA9
:10A15000C840C1F120016FF01E0203FA01F1571B44
:10A1600040EA010058BF4FF0000A002F58BF23FA01
:10A1700007F06FF0130305F134075B1BBE4024FAB0
:10A1800003F36246ACFB001C334315F1140658BFC1
:10A1900004FA06F302FB0AC604FA07F709FB006695
:10A1A00058BF0027760046EAD176B7EB4101B341AC
:10A1B00000F00107C91943F10003511A79EB0301BB
:10A1C0004FF0000138BF0121431C4AF1000700296C
:10A1D00004BF0346574647EA0E0040EC103B03B06D
:10A1E000BDE8F08F5AEA050130D05BEA040125D0C2
:10A1F0004FF00009B9EB155F38D1B8F1000F06BF79
:10A20000BAFA8AF303F12006B8FA88F6A6F10B032E
:10A21000C6F12B0508FA03F12AFA05F545EA01080B
:10A22000B6F12B0558BF0AFA05F80AFA03FAC6F187
:10A230000C0558BF4FF0000A19E000BF4CEA0600B9
:10A24000002140EC101B03B0BDE8F08F9FED1A0B0E
:10A250005BEA040151EC103B4FF000001CBF61466B
:10A26000034641EC103B03B0BDE8F08F0025B9EB8D
:10A27000145FCDF808C001971CD1002806BFBBFAB7
:10A280008BF12031B0FA80F1A1F10B03C1F12B0663
:10A2900098402BFA06F63043B1F12B06294458BFFB
:10A2A0000BFA06F00BFA03FBA1F10C0158BF4FF0BB
:10A2B000000B5BE600955AE6000000000000F87F06
:10A2C00080B541EC100B43EC112BFFF725FE51EC50
:10A2D000100B80BD0246C0F3C7516FF3DF5239B196
:10A2E000FF2921D1D308520740F2FF7127E000BFB8
:10A2F00012B380B5B2FA82F340F28931C91A03F180
:10A30000150CB3F10B0EC3F10B0322FA03F358BF84
:10A3100002FA0EF302FA0CF283F4801358BF002203
:10A32000BDE880400BE000BFC10D4FF4607353FAED
:10A3300081F1D308520702E000220023002100F03F
:10A34000004040EA015040EA030110467047D4D46F
:10A35000C1F30A5240F2FF339A423CBF00207047DB
:10A36000A2F21F4313F1210F9EBF6FF0004080EA5D
:10A37000E170704780B540F233434FF0010C8E46D8
:10A380009B1A6CF31F5ED840C3F120030EFA03F34F
:10A39000184340F213439A1A58BF2EFA02F0B1F153
:10A3A000FF3FD8BF404280BD00EE100AB5EE400A24
:10A3B000F1EE10FA58BF00F033B880B5B1EE400AA4
:10A3C00000F02EF840424FF0000262EB010180BD28
:10A3D00000294FF0000221D4C1F30A5C40F2FF33A0
:10A3E0009C451BD3ACF21F4212F1200F3CBF4FF033
:10A3F000FF307047012262F31F5140F23342A2EB5B
:10A400000C02D040C2F1200201FA02F2024340F2F3
:10A410001340B0EB0C0058BF21FA00F21046704711
:10A4200070B5B5EE400AF1EE10FA21D910EE100A1F
:10A43000FFF750FF9FED100B054653EC102B0E4617
:10A4400000F066FAFFF7C4FF044600F0CDF89FED78
:10A450000C0B53EC102B00F05BFA02460B4628461F
:10A460003146FFF735FDFFF7B3FF214670BD00BF52
:10A470000020002170BD00BF000000000000F03D82
:10A48000000000000000F0C150EA01021CD080EA88
:10A49000E17081EAE173B0EBE17263EBE173B2FA70
:10A4A00082F02030002B18BFB3FA83F027284FEA40
:10A4B000E17C0FD8262840D0272813D1590041EA43
:10A4C000D273520039E000BF9FED2B0A10EE100A44
:10A4D000704700BFA0F128018A40B0F1480158BF81
:10A4E000002235E070B5C0F12601C1F1200422FA46
:10A4F00001FE03FA04F44EEA040ED0F1060400F162
:10A500001A0558BF23FA04FE03FA05F623FA01F3ED
:10A5100022FA04F141EA060158BF0023841F58BF04
:10A5200002FA04F102FA05F258BF0022114318BFE3
:10A5300001214EEA0102BDE87040C2F380011143DF
:10A54000013143F100024B0104D4890841EA8272CF
:10A550003F2303E0C90841EA42724023181A0CF075
:10A5600000416FF3DF527F30114441EAC05000EEEA
:10A57000100A10EE100A704700000000D4D4D4D4A2
:10A58000002827D0014648BF414280B5B1FA81F288
:10A59000C2F10B0321FA03F300F0004C02F1150E97
:10A5A000B2F10B0058BF01FA00F301FA0EF083F488
:10A5B000801140F21E43A3EB020201EB025141EA7B
:10A5C0000C0158BF002041EC100BBDE8804051EC5D
:10A5D000100B70479FED020B51EC100B704700BF42
:10A5E000000000000000000000B3B0FA80F181F02C
:10A5F0001F02C2F13403D2F1140CC3F1200220FA7D
:10A6000002F258BF00FA0CF200FA03F040F21E43C7
:10A6100082F48012A3EB010102EB015158BF00202C
:10A6200041EC100B51EC100B704700BF9FED020B7B
:10A6300051EC100B704700BF00000000000000004C
:10A640002DE9F04F55EC103B56EC11ABC5F30A5910
:10A6500086EA05014FF6020701F0004C2A4634460F
:10A66000A9F2FF71CFF6FF77C6F30A5E6FF31F52B0
:10A67000B9426FF31F5449D34FF60107AEF2FF7191
:10A68000CFF6FF77B94241D94FF0000BE40244EA1C
:10A690005A544FEACA2044F0004442F48012A0FB0E
:10A6A0000351A4FB0337A0FB0206E4FB62674FF0F3
:10A6B0000048401848F100411B1856EB010009EB17
:10A6C0000E0147F100045944E702A1F2FF312DD4F5
:10A6D0004700660046EAD07447EAD3705B0043EA5D
:10A6E000D5736D0040F2FF77B94224DA002947DDC7
:10A6F0006FF31F5444EA01516A4278EB030241EAC6
:10A700000C0180F09380013097E000BF591E40F2A9
:10A71000000125F00047C7F6F07177EB010013D375
:10A7200045F4002040EC103BBDE8F08F013140F2D1
:10A73000FF77B942DADB4CF0E04040F07F60002167
:10A7400040EC101BBDE8F08F26F00045BAF1010087
:10A7500075EB010006D346F4002040EC10ABBDE8D9
:10A76000F08F00BF87EA010018436DD15AEA050057
:10A7700072D04CEA0100002140EC101BBDE8F08FC4
:10A78000C1F101063F2E71D86FF01E0201F13F07A3
:10A79000A2EB010903FA07FE25FA09F242EA0E02CA
:10A7A00011F11F0E58BF05FA0EF205FA07F158BF56
:10A7B000002151EA020B04FA07FA20FA09F242EAF0
:10A7C0000A0218BF4FF0010BBEF1000F58BF00FA8C
:10A7D0000EF2C6F1200E25FA06F903FA0EF500FA7C
:10A7E00007F745EA090558BF0027B6F1200158BF11
:10A7F00023FA01F523FA06F358BF0023134347EA6F
:10A80000050242EA0B05F04004FA0EF2104300295B
:10A8100058BF24FA01F024FA06F158BF00216A4219
:10A8200078EB030241EA0C01FFF46DAF83EA080202
:10A830002A4304D100F00102801841F1000141ECEB
:10A84000100BBDE8F08F00BF85EA010050EA0A0056
:10A8500006D153EA07008CD19FED2B0BBDE8F08F9A
:10A8600053EA070018BF5AEA050005D100204CEC56
:10A87000100BBDE8F08F00BF4FF00008B8EB175F7A
:10A880001CD1002A06BFB3FA83F000F12001B2FA0E
:10A8900082F1A1F10B00C1F12B06824023FA06F6EA
:10A8A0003243B1F12B0658BF03FA06F203FA00F364
:10A8B000C1F10C0B58BF002302E000BF4FF0000BAA
:10A8C000B8EB155F7FF4E2AE002C06BFBAFA8AF04F
:10A8D00000F12001B4FA84F1A1F10B00C1F12B05C4
:10A8E00084402AFA05F52C43B1F12B0558BF0AFA2A
:10A8F00005F40AFA00FAABEB010000F10C0B58BFAB
:10A900004FF0000AC2E600BF000000000000F87F20
:10A9100080B541EC100B43EC112BFFF791FE51EC8D
:10A92000100B80BD80B582B043EC102B8DED000B79
:10A930009DF8072041EC100B82F080008DF8070095
:10A940009DED001BFFF7DCF851EC100B02B080BD51
:10A95000B0B554EC103BC4F30A522146A2F2813048
:10A96000FD286FF31F5109D8580F23F06043B3F14E
:10A97000805F40EAC10117D9013119E053EA0100B3
:10A980000AD040F2FF70824206D1580F40EAC1005F
:10A9900040F48001FF2215E040F27E40824219D946
:10A9A000FF2200210EE000BF04BF01F001000144BE
:10A9B000C80D4FF68040CFF6FF7018BF002118BFBA
:10A9C0000130024404F0004040EAC250084300EE67
:10A9D000100AB0BD40F2813E002A0CBF4FF4607EE9
:10A9E00001F58011AEEB020CBCF1340F02DD002149
:10A9F0000022E7E7964501D1002215E0CCF14005A1
:10AA0000C5F1200201FA05FE23FA02F242EA0E0223
:10AA1000DCF1200058BF03FA00F203FA05F058BF3A
:10AA20000020024318BF012223FA0CF0CCF12003CE
:10AA300001FA03F31843BCF1200358BF21FA03F0D5
:10AA400021FA0CF14FEA507320F0604058BF00210A
:10AA50001043B0F1805F43EAC10101D9013103E045
:10AA600004BF01F001000144CA0D1CBF012281F4A2
:10AA70000001A7E780B541EC100BFFF769FF10EE6E
:10AA8000100A80BD70B55EEC102B00242EF0004142
:10AA90005042C7F6F07474EB01004FF0010027D369
:10AAA0005CEC113B2CF000455E42AC4138BF70BD00
:10AAB00043EA0200294308430AD01CEA0E0009D4E5
:10AAC000D01A7EEB0C00BCBF4FF0FF3070BD08E029
:10AAD000002070BD981A7CEB0E00BCBF4FF0FF3019
:10AAE00070BD82EA03008EEA0C01084318BF012002
:10AAF00070BDD4D470B55EEC102B00242EF0004154
:10AB00005042C7F6F07474EB01004FF0FF3027D3CA
:10AB10005CEC113B2CF000455E42AC4138BF70BD8F
:10AB200043EA0200294308430AD01CEA0E0009D474
:10AB3000D01A7EEB0C00BCBF4FF0FF3070BD08E0B8
:10AB4000002070BD981A7CEB0E00BCBF4FF0FF30A8
:10AB500070BD82EA03008EEA0C01084318BF012091
:04AB600070BDD4D41C
:10AB640000000000000000000102030406070809B9
:10AB740000000000000000000102030406070809A9
:10AB840000000000010203040000000001020304AD
:10AB940002040608020C0810676574204576656E89
:10ABA400745F53746F72616765004572726F723AB5
:10ABB40020707454686973206973204E554C4C2E70
:10ABC4000A004572726F723A207074546869732077
:10ABD4006F72207074546869732D3E70744261738F
:10ABE40065206973204E554C4C2E0A004572726FD5
:10ABF400723A20707454686973206F7220707454B0
:10AC04006869732D3E707444617461206973204EC9
:10AC1400554C4C2E0A004572726F723A207074546F
:10AC24006869732D3E707442617365206973204EA8
:10AC3400554C4C2E002E2E2F2E2E2F676D73692F00
:10AC44006773746F726167652E630067657420456E
:10AC540076656E745F47657444617461002E2E2FAF
:10AC64002E2E2F676D73692F67636F726F7574690A
:10AC74006E652E63004572726F723A207074546868
:10AC84006973206F72207074436667206973204E65
:10AC9400554C4C2E0041543332463431335F4D4CC5
:10ACA4005F56322E312E32000000000000000000FA
:10ACB4000000000000000000000092012403B6041C
:10ACC4004806D9076B09FB0A8C0C1C0EAB0F3A1112
:10ACD400C8125514E2156E17F918831A0C1C931D2B
:10ACE4001A1F9F202422A7232825A8262728A42921
:10ACF4001F2B992C112E872FFC306E32DF334E35EB
:10AD0400BA3625388D39F33A573CB83D173F74406D
:10AD1400CE4126437B44CD451D476A48B449FB4A8E
:10AD2400404C814DC04EFB4F345169529B53CA5421
:10AD3400F6551E5743586459825A9D5BB45CC85DEE
:10AD4400D75EE45FEC60F161F262EF63E964DE65B3
:10AD5400D066BD67A7688C696E6A4B6B246CF96C0E
:10AD6400CA6D976E5F6F2370E3709E71557208739E
:10AD7400B67360740575A6754276D9766C77FB77E1
:10AD840085780A798A79067A7D7AEF7A5D7BC67B43
:10AD94002A7C897CE47C3A7D8A7DD67D1E7E607E19
:10ADA4009D7ED67E0A7F387F627F877FA77FC27FA2
:10ADB400D97FEA7FF67FFE7FFF7FFE7FF67FEA7F03
:10ADC400D97FC27FA77F877F627F387F0A7FD67E45
:10ADD4009D7E607E1E7ED67D8A7D3A7DE47C897C64
:10ADE4002A7CC67B5D7BEF7A7D7A067A8A790A793A
:10ADF4008578FB776C77D9764276A675057560748D
:10AE0400B673087355729E71E37023705F6F976E0B
:10AE1400CA6DF96C246C4B6B6E6A8C69A768BD674C
:10AE2400D066DE65E964EF63F262F161EC60E45FD1
:10AE3400D75EC85DB45C9D5B825A645943581E5703
:10AE4400F655CA549B5369523451FB4FC04E814D41
:10AE5400404CFB4AB4496A481D47CD457B442643D0
:10AE6400CE417440173FB83D573CF33A8D392538ED
:10AE7400BA364E35DF336E32FC30872F112E992CC3
:10AE84001F2BA4292728A8262825A72324229F206E
:10AE94001A1F931D0C1C831AF9186E17E21555140A
:10AEA400C8123A11AB0F1C0E8C0CFB0A6B09D907A4
:10AEB4004806B6042403920100006EFEDCFC4AFB43
:10AEC400B8F927F895F605F574F3E4F155F0C6EEF4
:10AED40038EDABEB1EEA92E807E77DE5F4E36DE2BB
:10AEE400E6E061DFDCDD59DCD8DA58D9D9D75CD6A5
:10AEF400E1D467D3EFD179D004CF92CD21CCB2CABB
:10AF040046C9DBC773C60DC5A9C348C2E9C08CBF17
:10AF140032BEDABC85BB33BAE3B896B74CB605B5D6
:10AF2400C0B37FB240B105B0CCAE97AD65AC36AB23
:10AF34000AAAE2A8BDA79CA67EA563A44CA338A236
:10AF440029A11CA0149F0F9E0E9D119C179B229A51
:10AF540030994398599774969295B594DC930793D6
:10AF640036926991A190DD8F1D8F628EAB8DF88C26
:10AF74004A8CA08BFB8A5A8ABE89278994880588C3
:10AF84007B87F6867686FA8583851185A3843A8441
:10AF9400D68377831C83C68276822A82E281A0814B
:10AFA40063812A81F680C8809E80798059803E80A2
:10AFB400278016800A800280008002800A80168022
:10AFC40027803E80598079809E80C880F6802A81BF
:10AFD4006381A081E2812A827682C6821C83778380
:10AFE400D6833A84A38411858385FA857686F6868A
:10AFF4007B87058894882789BE895A8AFB8AA08B17
:10B004004A8CF88CAB8D628E1D8FDD8FA190699177
:10B0140036920793DC93B594929574965997439816
:10B024003099229A179B119C0E9D0F9E149F1CA071
:10B0340029A138A24CA363A47EA59CA6BDA7E2A81F
:10B044000AAA36AB65AC97ADCCAE05B040B17FB2C1
:10B05400C0B305B54CB696B7E3B833BA85BBDABC12
:10B0640032BE8CBFE9C048C2A9C30DC573C6DBC7D5
:10B0740046C9B2CA21CC92CD04CF79D0EFD167D3DF
:10B08400E1D45CD6D9D758D9D8DA59DCDCDD61DF14
:10B09400E6E06DE2F4E37DE507E792E81EEAABEB58
:10B0A40038EDC6EE55F0E4F174F305F595F627F89E
:10B0B400B8F94AFBDCFC6EFE000000000200000050
:08B0C400010000000300000080
:10B0CC00A450FF7F010000008EFAFF7F01000000FA
:10B0E0000820002000127A000000000060EA000042
:10B0F000010900000000000000000000BD3F000842
:10B10000F93F0008010000000000000000000000FE
:10B11000000000000000000010D9A53EA47EA47E1F
:10B1200000000000002401400001020000000000B7
:10B13000000000000000000000000000000000000F
:10B1400000000000000000000000000000000000FF
:10B15000000000000000000000000000002401408A
:10B16000FF7FC95501005A040000000000000000E4
:10B1700000000000000000000000000000000000CF
:10B18000000000000000000000000000000C004073
:10B19000000000000004014000000000000000006A
:10B1A000D0070000007D000000000000000000004B
:10B1B00000007041E80304000000000000000000EF
:10B1C000B80B0000407E05000000000000000000F9
:10B1D0000600000000000000000000000000000069
:10B1E000FFFF000000000000000000000000000061
:10B1F000000C0140000C0140000C01401000000058
:10B2000020000000010000000000000005006307AE
:10B21000F401000000000000000000000000000039
:10B220000000000000000000A47E5C81000000001F
:10B23000000000000000000000000000000000000E
:10B2400000000000000000000000000000000000FE
:10B250000000000000000000A47E5C8100000000EF
:10B2600000000000000000000000000000000000DE
:10B2700000000000000000001000350C350C350CFB
:10B28000350C350C350C691869186A18350CD33033
:10B29000FF3F24153108FF000000000000000000FF
:10B2A000000000000000000000000000000000009E
:10B2B000000000000000000000000000000000008E
:10B2C0000000000000000000480600200000000010
:10B2D0003000002000000000A4EF12000000000079
:10B2E000803E00002C010000000000000000000073
:10B2F0000000000000000000280000206200002084
:10B30000960500209005002092050020940500205D
:10B31000E745000000000000002C014030750000EF
:10B32000040D5A04620000005600002000000000D6
:10B33000000000000000000000000000000000000D
:10B3400000000080D079F43FF4010000000000000C
:10B350009605002000000000000000000000000032
:10B3600000000000000000000000000000000000DD
:10B3700000000000000000000000000000000000CD
:10B3800000000000000000000000000000000000BD
:10B3900000000000000000000000000000000000AD
:10B3A000000000000000000000000000000000009D
:10B3B000000000000000000000000000000000008D
:10B3C000000000000000000000000000000000007D
:10B3D000000000000000000000000000000000006D
:10B3E000000000000000000000000000000000005D
:10B3F000000000000000000000000000000000004D
:10B40000000000000000000000000000000000003C
:10B41000000000000000000000000000000000002C
:10B42000000000000000000000000000000000001C
:10B43000000000000000000000000000000000000C
:10B4400000000000000000000000000000000000FC
:10B4500000000000000000000000000000000000EC
:10B4600000000000000000000000000000000000DC
:10B4700000000000000000000000000000000000CC
:10B4800000000000000000000000000000000000BC
:10B4900000000000000000000000000000000000AC
:10B4A000000000000000000000000000000000009C
:10B4B000000000000000000000000000000000008C
:10B4C000000000000000000000000000000000007C
:10B4D000000000000000000000000000000000006C
:10B4E0000000000000000000000000000000070055
:10B4F000000000000000000000000000000000004C
:10B500004C0200205002002000000000000000005B
:10B510000000000000000000DB0FC9400000000038
:10B52000000000000000000000000000000000001B
:10B5300000000000000000001C04002000000000CB
:10B5400000000000000000000000000000000000FB
:10B5500000000000D561EA4000000000000000008B
:10B560000000000000000000FF7F018000000000DC
:10B5700000000000000000000000000000000000CB
:10B5800000000000000000007A01850185017A01B9
:10B5900085016F01002C0140002C01400600900144
:10B5A000C8000000A8040020FFFF00000000000009
:10B5B000000000000000000060E316000E0018000C
:10B5C0000300180003001800000C014040000000B8
:10B5D000000C0140800000000104102C000000005D
:10B5E000003801400A0001004C02002050020020F7
:10B5F00000000000000049401800AC0D2E1A0000A9
:10B60000803E00000000000000000000000000007C
:10B61000000000000000000000000000000000002A
:10B620000000000000000000AAAAAAAAAABBBBBB97
:04B63000BBBB01009F
:020000040803EF
:10F8000005000000881300003F0000000500000014
:10F810008F020000640000000200000000000000F1
:10F8200000000000000000000A000000D0070000F7
:10F83000320000000C0000000F0000000F0000006C
:10F84000A8610000B80B00000B0000000C000000D5
:10F8500014000000A8610000B80B00000B000000BD
:10F860000C000000190000001A0000001B0000003E
:10F870001C0000001D0000001E0000001F00000012
:10F8800070170000C800000005000000050000001F
:10F89000CC0C000034F3FFFF26000000270000001E
:10F8A00028000000290000000A000000D007000026
:10F8B000C40000002D000000204E0000E0B1FFFF5A
:10F8C000B80B0000050000000F0000000F00000052
:10F8D0000000000000000000630700003700000087
:10F8E00000000000390000003A0000003B0000006A
:10F8F0003C0000003D0000003E0000003F00000012
:10F9000040000000410000004200000043000000F1
:10F9100044000000450000004600000047000000D1
:10F9200048000000490000004A0000004B000000B1
:10F930004C0000004D00000090010000500000004D
:10F9400020030000E8030000520000000A0000004D
:10F950000B0000000F0000005600000057000000E0
:10F9600047010000590000005A0000005B00000041
:10F970005C000000A00F0000407E0500C081FAFF7F
:10F980006000000061000000620000002003000031
:10F9900000000000C8000000000000000C00000093
:10F9A00010000000100000006A00000000000000CD
:10F9B000000000006D0000006E0000006F000000FD
:10F9C00070000000710000007200000001000000E3
:10F9D0000500000004000000060000000200000016
:10F9E0000300000000000000000000000000000014
:10F9F0000000000000000000000000000000000007
:10FA000000000000000000000000000000000000F6
:10FA100000000000000000000000000000000000E6
:10FA200000000000000000000000000000000000D6
:10FA300000000000000000000000000000000000C6
:10FA400000000000000000000000000000000000B6
:10FA500000000000000000000000000000000000A6
:10FA60000000000000000000000000000000000096
:10FA70000000000000000000000000000000000086
:10FA80000000000000000000000000000000000076
:10FA90000000000000000000000000000000000066
:10FAA0000000000000000000000000000000000056
:10FAB0000000000000000000000000000000000046
:10FAC0000000000000000000000000000000000036
:10FAD0000000000000000000000000000000000026
:10FAE0000000000000000000000000000000000016
:10FAF0000000000000000000000000000000000006
:10FB000000000000000000000000000000000000F5
:10FB100000000000000000000000000000000000E5
:10FB200085EB713F376F9C3A000000000000000039
:10FB300000000000000000000000000000000000C5
:10FB400000000000000000000000000000000000B5
:10FB500000000000000000000000000000000000A5
:10FB60000000000000000000000000000000000095
:10FB70000000000000000000000000000000000085
:10FB80000000000000000000000000000000000075
:10FB90000000000000000000000000000000000065
:10FBA0000000000000000000000000000000000055
:10FBB0000000000000000000000000000000000045
:10FBC0000000000000000000000000000000000035
:10FBD0000000000000000000000000000000000025
:10FBE0000000000000000000000000000000000015
:10FBF0000000000000000000000000000000000005
:020000042000DA
:1020080000000000000000000000000000000000C8
:1020180000000000000000000000000000000000B8
:1020280000000000000000000000000000000000A8
:102038000000000000000000000000000000000098
:102048000000000000000000000000000000000088
:102058000000000000000000000000000000000078
:102068000000000000000000000000000000000068
:102078000000000000000000000000000000000058
:102088000000000000000000000000000000000048
:102098000000000000000000000000000000000038
:1020A8000000000000000000000000000000000028
:1020B8000000000000000000000000000000000018
:1020C8000000000000000000000000000000000008
:1020D80000000000000000000000000000000000F8
:1020E80000000000000000000000000000000000E8
:1020F80000000000000000000000000000000000D8
:1021080000000000000000000000000000000000C7
:1021180000000000000000000000000000000000B7
:1021280000000000000000000000000000000000A7
:102138000000000000000000000000000000000097
:102148000000000000000000000000000000000087
:102158000000000000000000000000000000000077
:102168000000000000000000000000000000000067
:102178000000000000000000000000000000000057
:102188000000000000000000000000000000000047
:102198000000000000000000000000000000000037
:1021A8000000000000000000000000000000000027
:1021B8000000000000000000000000000000000017
:1021C8000000000000000000000000000000000007
:1021D80000000000000000000000000000000000F7
:1021E80000000000000000000000000000000000E7
:1021F80000000000000000000000000000000000D7
:1022080000000000000000000000000000000000C6
:1022180000000000000000000000000000000000B6
:1022280000000000000000000000000000000000A6
:102238000000000000000000000000000000000096
:102248000000000000000000000000000000000086
:102258000000000000000000000000000000000076
:102268000000000000000000000000000000000066
:102278000000000000000000000000000000000056
:102288000000000000000000000000000000000046
:102298000000000000000000000000000000000036
:1022A8000000000000000000000000000000000026
:1022B8000000000000000000000000000000000016
:1022C8000000000000000000000000000000000006
:1022D80000000000000000000000000000000000F6
:1022E80000000000000000000000000000000000E6
:1022F80000000000000000000000000000000000D6
:1023080000000000000000000000000000000000C5
:1023180000000000000000000000000000000000B5
:1023280000000000000000000000000000000000A5
:102338000000000000000000000000000000000095
:102348000000000000000000000000000000000085
:102358000000000000000000000000000000000075
:102368000000000000000000000000000000000065
:102378000000000000000000000000000000000055
:102388000000000000000000000000000000000045
:102398000000000000000000000000000000000035
:1023A8000000000000000000000000000000000025
:1023B8000000000000000000000000000000000015
:1023C8000000000000000000000000000000000005
:1023D80000000000000000000000000000000000F5
:1023E80000000000000000000000000000000000E5
:1023F80000000000000000000000000000000000D5
:1024080000000000000000000000000000000000C4
:1024180000000000000000000000000000000000B4
:1024280000000000000000000000000000000000A4
:102438000000000000000000000000000000000094
:102448000000000000000000000000000000000084
:102458000000000000000000000000000000000074
:102468000000000000000000000000000000000064
:102478000000000000000000000000000000000054
:102488000000000000000000000000000000000044
:102498000000000000000000000000000000000034
:1024A8000000000000000000000000000000000024
:1024B8000000000000000000000000000000000014
:1024C8000000000000000000000000000000000004
:1024D80000000000000000000000000000000000F4
:1024E80000000000000000000000000000000000E4
:1024F80000000000000000000000000000000000D4
:1025080000000000000000000000000000000000C3
:1025180000000000000000000000000000000000B3
:1025280000000000000000000000000000000000A3
:102538000000000000000000000000000000000093
:102548000000000000000000000000000000000083
:102558000000000000000000000000000000000073
:102568000000000000000000000000000000000063
:102578000000000000000000000000000000000053
:102588000000000000000000000000000000000043
:102598000000000000000000000000000000000033
:1025A8000000000000000000000000000000000023
:1025B8000000000000000000000000000000000013
:1025C8000000000000000000000000000000000003
:1025D80000000000000000000000000000000000F3
:1025E80000000000000000000000000000000000E3
:1025F80000000000000000000000000000000000D3
:04000005080083E983
:00000001FF
