:020000040800F2
:1000000000800020A9820008290300082D030008B1
:100010003103000835030008390300080000000020
:100020000000000000000000000000003D03000888
:1000300041030008000000004503000861130008A8
:10004000F1820008F1820008F1820008F1820008C4
:10005000F1820008F1820008F1820008F1820008B4
:10006000F1820008F1820008F1820008F1820008A4
:10007000F1820008F1820008F1820008F182000894
:10008000F1820008F182000879120008F18200086C
:10009000F1820008F1820008F1820008F182000874
:1000A00035120008FD0C0008DD120008F18200087E
:1000B000F1820008F1820008F1820008F182000854
:1000C000F1820008F1820008F1820008F182000844
:1000D000F1820008F14E0008F1820008F182000868
:1000E00085190008F1820008F1820008F1820008F9
:1000F000F1820008F1820008F1820008000000008F
:1001000000000000F1820008F182000800000000F9
:10011000F1820008F18200080000000000000000E9
:10012000F1820008F1820008F1820008F1820008E3
:1001300000000000000000000000000000000000BF
:1001400000000000000000000000000000000000AF
:10015000F1820008F1820008F1820008F1820008B3
:10016000F1820008F1820008F1820008F1820008A3
:1001700010B541EC100B43EC112B0AF0DFFB00280B
:1001800001D0002010BD012010BD00BF10B541EC12
:10019000100B43EC112B0AF0D1FB002801DB0020EF
:1001A00010BD012010BD00BF10B541EC100B43EC99
:1001B000112B0AF0C3FB002801DD002010BD012037
:1001C00010BD00BF10B541EC100B43EC112B0AF031
:1001D000EDFB002801DA002010BD012010BD00BF9A
:1001E00010B541EC100B43EC112B0AF0DFFB00289B
:1001F00001DC002010BD012010BDD4D47047D4D440
:1002000080B582B00020019000F04EF8FFF7F6FFB5
:1002100004F034F804F07EF800F032FC00F0D0FC7A
:1002200000F092F800F0EEF900F0F4FA00F0B8F8FF
:1002300000F098FB00F032FD40F27450C2F2000072
:1002400002F0C8F940F2D840C2F2000000F0ACFB66
:1002500004F096FD04F00EFE07F05EFF4FF4FA7016
:1002600004F074F807F06CFF07F022FF08F082F842
:10027000014640F2FE60C2F200000170007808F012
:100280007FF840F2B261C2F20001087007F0B8FDD9
:1002900000F0B8FC40F28850C2F2000003F022FEE9
:1002A000FFE703F049FEFCE780B584B001F09CFF56
:1002B0000121084602F05AF8FFE701F0FBFF08B9F8
:1002C000FFE7FAE70220029031210122039202F0B7
:1002D000F7F80298039902F049F8FFE7192001F0B6
:1002E000C9FF012801D0FFE7F8E7002002F092F8EB
:1002F0000420019002F0B6F8019802F09FF8012066
:1003000002F04CFA022002F039F9FFE702F05AF944
:10031000022801D0FFE7F9E7002002F03FFA01F0E0
:10032000B9FB04B080BDD4D47047D4D4FFE7FEE756
:10033000FFE7FEE7FFE7FEE7FFE7FEE77047D4D4FD
:100340007047D4D47047D4D480B582B0032003F072
:100350001BF8182000220192114602F083FF019A37
:100360001920022102F07EFF019A1220012102F0E1
:1003700079FF019A1A20042102F074FF019A4FF0CC
:10038000FF30052102F06EFF019A2820072102F0BC
:1003900069FF019A2520082102F064FF02B080BDA8
:1003A00080B594B000200B9013901290CDF83B00D4
:1003B0000E900B20C0F2180001210D9101F0ACFF4E
:1003C0000D990220C0F21800019001F0A5FF0198DC
:1003D0000D9901F0A1FF01980D9901F09DFF0D9974
:1003E0000320C0F21800009001F096FF00980D99CC
:1003F00001F092FF00980D9901F08EFF00980D9981
:1004000001F08AFF01980D9901F086FF12A804906F
:1004100002F03EFE04990B9A0D9808238DF84E3099
:100420008DF84C2028228DF84D208DF84F004FF488
:100430008070129040F60000C4F20100039002F0B8
:1004400087FD039804994FF40072129202F080FD28
:10045000039804994FF48062129202F079FD049996
:1004600018208DF84D004FF40050129040F60040D7
:10047000C4F20100029002F06BFD029804994FF45F
:100480008042129202F064FD029804994FF40042F7
:10049000129202F05DFD029804994FF4805212927C
:1004A000042206928DF84D2002F052FD0398049923
:1004B000069A4FF4006312938DF84D2002F048FD28
:1004C0000D9942F60040C4F201000C9003F00CF8C4
:1004D0000B9A0C9841F66A0102F0D0FF0C980221A9
:1004E0000A9102F0EFFF0A990C9802F0D9FF0B99DC
:1004F0000C9840F63542059203F0FAF8059A0A99ED
:100500000C9803F0F5F8059A06990C9803F0F0F8AA
:100510000DF14100079002F089FF079A0B990C98A2
:100520000D9B4FF0060CCDF820C08DF841C08DF822
:1005300046308DF844108DF842108DF847308DF814
:1005400045308DF8433002F0DDFF079A0A990C9888
:1005500002F0D8FF0699079A0C9802F0D3FF0B9986
:100560000C980D9A03F0EEF80A990C980D9A03F086
:10057000E9F806990C980D9A03F0E4F8079A08999F
:100580000C988DF8411002F0BDFF08990C9841F6C7
:10059000690203F0ADF80EA8099002F05BFF09991B
:1005A0000B9A0C980D9B8DF83E308DF83B204FF048
:1005B0000F0C8DF838C08DF83D308DF83C308DF83B
:1005C00039208DF83A2003F0E7F90A990C9803F0E6
:1005D0007FF90C98912103F0C3F90C980D9A1146FC
:1005E00003F088F90C980D9A802103F083F90B9998
:1005F0000C9803F0F1F80C980D9903F0BBF914B0C6
:1006000080BDD4D480B598B000200C90179016907F
:100610000320089001F03AFF0920C0F218000121E0
:100620000F9101F079FE0F994FF4A01001F074FEC4
:100630000F990220C0F21800019001F06DFE0F9991
:100640000320C0F2180001F067FE0F990420C0F2E9
:100650001800009001F060FE00980F9901F05CFE18
:1006600001980F9901F058FE01980F9901F054FE7E
:1006700001980F9901F050FE16A8049002F008FDB1
:10068000049908988DF85E00042009908DF85C00AC
:100690008DF85D001020169040F60000C4F20100B5
:1006A000039002F055FC049902200790169040F642
:1006B0000040C4F2010002F04BFC04990F98169020
:1006C00041F20000C4F20100029002F041FC0298E5
:1006D00004990822169202F03BFC03980499202208
:1006E000169202F035FC039804994022169202F00B
:1006F0002FFC039804998022169202F029FC08200E
:10070000C4F20200069002F065F810A8059002F00D
:100710007FF905990698079BDDF830C00F9A4FF0D6
:10072000070ECDF834E0ADF84AE0ADF848C040F22D
:100730008C5EC2F2000ECDF844E08DF84F208DF8AB
:100740004D2042F24C4EC4F2010ECDF840E08DF83F
:100750004E208DF84CC08DF851308DF8502002F0AD
:1007600071F90F9A0020C4F20200114602F0BEF89F
:1007700006980F9902F0ACF80C9801F05BFA0C990E
:100780000D980F9A8DF854208DF855108DF856104D
:100790008DF8570042F20040C4F201000E9015A9F6
:1007A00001F05CFA0C9B0E980F9A05210A9101F05A
:1007B000F3FA079A0C9B0E9806210B9101F0ECFAC4
:1007C000089A0C9B0D990E9801F0E6FA099A0C9B79
:1007D0000E98114601F0E0FA0A9A0C9B0E98092136
:1007E00001F0DAFA0B9A0C9B0E980A2101F0D4FA68
:1007F0000C9B0D9A0E980D2101F0CEFA0D990E98D2
:100800000F9A01F01BFC0E980F9901F059FA18B0DD
:1008100080BDD4D480B58EB0002008900D900C908F
:100820000320079001F032FE0920C0F218000121D8
:100830000A9101F071FD0A990220C0F2180002909D
:1008400001F06AFD02980A9901F066FD02980A9982
:1008500001F062FD0CA8059002F01AFC0599079AB8
:100860000A988DF83620042203928DF834208DF8F2
:1008700035200C9040F60000C4F20100049002F014
:1008800067FB04980599022206920C9202F060FB25
:10089000039A049805990C9202F05AFB089801F00B
:1008A000C9F908980A998DF82C108DF82D008DF84B
:1008B0002E0007208DF82F0042F20040C4F2010004
:1008C00009900BA901F0CAF90799099801F016FBE4
:1008D000089B09980A9A194601F022FB069A089B80
:1008E00009980A9901F01CFB0699079A089B099838
:1008F00001F016FB09980A9A114601F0D9FB42F261
:100900000840C4F20100006800F00100012826D070
:10091000FFE742F20040C4F201000190012101F022
:100920007BF9019801F0FCF9FFE742F20040C4F2C4
:10093000010001F0FFF908B1FFE7F6E742F20040DD
:10094000C4F2010001F00AFAFFE742F20040C4F2EB
:10095000010001F00DFA08B1FFE7F6E7FFE70EB07E
:1009600080BDD4D480B582B01520C0F2180001211A
:10097000019101F0D1FC45F20040C4F20100009069
:1009800040F2E731C72202F079FD0098002102F021
:1009900099FD0098019A114602F0ACFF0098019968
:1009A00002F036FD02B080BD80B588B00790079890
:1009B00040680121049101F0AFFC04990798806818
:1009C00001F0AAFC04990798C06801F0A5FC05A8ED
:1009D000029002F05DFB029904988DF81B00002044
:1009E00003908DF8180008208DF81A0007984069C8
:1009F0000590042001908DF819000798006902F015
:100A0000A7FA01980299039A8DF818008DF81A2018
:100A1000079AD26905928DF819000798806902F04B
:100A200097FA04990798006A02F062FB039B079803
:100A30000168806A1A4602F0FFFF04990798806AED
:100A400003F074F804990798806A03F081F8049918
:100A50000798806A03F0B2F804990798806A03F057
:100A6000BFF8049A0798806A0421C0F20C0103F0D1
:100A700081F804990798806A03F046F808B080BDB1
:100A800080B58AB00220C0F218000121019101F066
:100A900043FC01984FF4805102910591002103918C
:100AA0008DF81A1004218DF8181018218DF81910DE
:100AB0008DF81B0040F60000C4F2010005A902F009
:100AC00047FA01994FF4C01001F026FC03980C215D
:100AD00002F05AFB07A8049002F014F8019B029A56
:100AE000039904988DF825308DF81C1008928DF824
:100AF000241002F015F80AB080BDD4D480B586B0B9
:100B00000420C0F2180000900121019101F004FCC2
:100B10000098019901F000FC0098019901F0FCFB9C
:100B200001990320C0F2180001F0F6FB04A803901D
:100B300002F0AEFA019803998DF8170000208DF8A5
:100B4000140010208DF8160004208DF815004FF4C5
:100B50000050049041F20000C4F20100029002F043
:100B6000F7F9029803994FF48042049202F0F0F9E9
:100B7000029803994FF40042049202F0E9F90399B4
:100B80004FF40070049040F60040C4F2010002F0FF
:100B9000DFF906B080BDD4D482B00190ADF8021068
:100BA000BDF802000199486102B0704782B001901F
:100BB000ADF80210BDF802000199086102B070475B
:100BC00080B582B0FFF79AFF41F20000C4F2010045
:100BD00001904FF40051FFF7E9FF01984FF4804175
:100BE000FFF7E4FF01984FF40041FFF7DFFF40F605
:100BF0000040C4F201004FF40071FFF7D7FF02B0CC
:100C000080BDD4D480B588B000208DF81F00FFE7E8
:100C10009DF81F0002283FDCFFE741F20000C4F20C
:100C2000010002904FF400510091FFF7B5FF0298C8
:100C30004FF480410191FFF7AFFF02984FF400415C
:100C40000391FFF7A9FF40F60040C4F201000490B1
:100C50004FF400710591FFF79FFF4FF4FA70069073
:100C600003F074FB00990298FFF7A0FF0199029826
:100C7000FFF79CFF02980399FFF798FF04980599E6
:100C8000FFF794FF069803F061FBFFE79DF81F0054
:100C900001308DF81F00BBE708B080BD80B586B07D
:100CA0000720C0F2180000900121019101F034FBEF
:100CB0000098019901F030FB04A8039002F0E8F9D4
:100CC000019803998DF8170004208DF81400002274
:100CD0008DF816208DF815004020049041F6004054
:100CE000C4F20100029002F033F9029803998022C5
:100CF000049202F02DF906B080BDD4D480B592B034
:100D000042F60040C4F20100012102F011FE002869
:100D100000F08D82FFE742F60040C4F2010001219D
:100D200002F01EFE07F088FA40F23820C2F20000FE
:100D300090F83D00012811D1FFE740F23820C2F2BF
:100D4000000090F83C00012807D1FFE740F238206E
:100D5000C2F2000008F07CF8FFE7FFE740F2B06065
:100D6000C2F20000007840F2B161C2F200010978DD
:100D7000084200F03282FFE740F23860C2F2000021
:100D8000007800286FD1FFE740F22800C2F200008F
:100D90000F9040F23A61C2F200010C9103F090FB17
:100DA0000C98018840F20C70C2F200000180B0F98A
:100DB000000003F005FB119040F29C51C2F20001CB
:100DC0000E911198086040F24C01C2F200010D91A1
:100DD00001F10A00163103F007FB0D980E9903F09C
:100DE0001BFB0F98B0F90400002807D4FFE740F27E
:100DF0000841C2F200010120087506E040F20841F6
:100E0000C2F20001FF200875FFE740F21820C2F28D
:100E10000000099003F092FF099940F22040C2F2CD
:100E200000000A9007F092FD01460A988186C16B86
:100E300040F20020C2F2000003F00AFE0A990864A2
:100E400040F22800C2F200000B9007F0F0FC0B9873
:100E500040F29C51C2F2000103F008FB07F0F6F9E2
:100E600007F000FAB8E140F23860C2F20000007802
:100E7000052811D0FFE740F23860C2F20000007888
:100E8000042809D0FFE740F23860C2F20000007881
:100E9000012840F0C280FFE740F20840C2F20000A3
:100EA000407D012845D0FFE740F23860C2F20000E3
:100EB000007805280FD1FFE740F2A460C2F20000DD
:100EC0000068002807D4FFE740F20841C2F20001A1
:100ED000012008751FE040F23860C2F2000000787F
:100EE000042810D1FFE740F24C00C2F20000B0F934
:100EF0001E00002807D4FFE740F20841C2F20001BB
:100F00000120087506E040F20841C2F20001FF200E
:100F10000875FFE7FFE740F20840C2F200000890C2
:100F200041F6CC31C2F2000107F0A2FC08994875E5
:100F3000FFE740F20840C2F20000807D58B1FFE7B1
:100F400040F22040C2F20000808E40F20C71C2F2EA
:100F50000001088060E040F20840C2F20000407DDD
:100F600000284DD0FFE740F22040C2F20000808E02
:100F700040F20C71C2F20001088040F20841C2F256
:100F80000001487D887540F23860C2F200000078A8
:100F9000052834D1FFE740F20840C2F2000090F982
:100FA000140001280DD1FFE740F20840C2F2000012
:100FB000B0F91000400840F24C01C2F20001C883B1
:100FC0000EE040F20840C2F20000B0F9101000201C
:100FD000A0EB510040F24C01C2F20001C883FFE7D0
:100FE00040F24C00C2F20000B0F91E1040F2446022
:100FF000C2F20000428C914003F0E8FBFFE70AE0F8
:1010000040F20840C2F20000408A40F20C71C2F285
:1010100000010880FFE7FFE7FFE740F20C70C2F233
:101020000000B0F9000003F0CBF9109040F29C51A1
:10103000C2F2000104911098086040F24C01C2F223
:101040000001079101F10A00163103F0CDF904996E
:10105000079803F0E1F940F21820C2F20000059071
:1010600003F06CFE059940F22040C2F200000690A9
:1010700007F06CFC014606988186C16B40F20020A7
:10108000C2F2000003F0E4FC069A014607981164DE
:10109000828B40F2FA61C2F200014A80408B0880E4
:1010A00040F20840C2F20000407D012810D0FFE766
:1010B00040F23860C2F200000078022808D0FFE752
:1010C00040F23860C2F20000007803280DD1FFE73B
:1010D00040F24C00C2F20000028C41F6CC31C2F268
:1010E00000014A80C08B0880FFE740F23860C2F2FE
:1010F00000000078062820D0FFE740F23860C2F2F6
:1011000000000078052818D0FFE740F23860C2F2EE
:1011100000000078042810D0FFE740F23860C2F2E7
:1011200000000078022808D0FFE740F23860C2F2E1
:1011300000000078032830D1FFE741F6CC30C2F23E
:1011400000000090B0F9020040F2FA61C2F2000122
:101150000191B1F90210411A40F26810C2F2000088
:1011600007F066FA014640F22800C2F20000039040
:10117000C18040F23811C2F20001029107F03EFB3B
:101180000099019A0298B1F90010B2F90020891A69
:1011900007F04EFA039988800FE040F23860C2F2FF
:1011A00000000078012807D1FFE740F22800C2F2D2
:1011B000000007F03CFBFFE7FFE740F22800C2F227
:1011C000000040F29C51C2F2000103F04FF907F019
:1011D0003DF807F047F8FFE7FFE740F29A51C2F207
:1011E000000108780130087040B240F2B661C2F2E6
:1011F0000001097C884219DBFFE740F20C70C2F263
:101200000000008840F2B661C2F20001888140F21D
:101210001470C2F200000068C88106F011FD40F2AF
:101220009A51C2F2000100200870FFE7FFE712B0F8
:1012300080BDD4D480B542F60040C4F201008021C4
:1012400002F076FBB0B1FFE742F60040C4F20100C5
:10125000802102F085FB40F2B610C2F20000007857
:1012600000F0080240F2B561C2F2000108781043B4
:101270000870FFE780BDD4D480B542F20040C4F2CC
:101280000100042100F08CFF30B3FFE742F2004080
:10129000C4F20100042100F09DFF40F2B460C2F2EC
:1012A0000000007802280BD0FFE740F24C00C2F2A9
:1012B000000040F29A11C2F2000103F0E3F90AE0E3
:1012C00040F2B440C2F2000040F24C01C2F2000110
:1012D00007F0A4FCFFE7FFE780BDD4D480B545F25A
:1012E0000040C4F20100012102F022FBB0B3FFE78D
:1012F00045F20040C4F20100012102F031FB40F24E
:10130000B460C2F200000078042826D1FFE740F262
:101310003860C2F20000007805281DD1FFE740F2D6
:10132000A460C2F20000406840F21071C2F20001F5
:101330000968411A40F2A050C2F200000160016841
:1013400040F24460C2F2000007F072F940F24C0132
:10135000C2F20001C883FFE7FFE7FFE780BDD4D4F6
:1013600080B584B040F22040C2F20000006C40F230
:101370001071C2F20001086040F21870C2F2000061
:101380000068096803F0AAFA40F21471C2F2000181
:10139000086040F28C50C2F2000040897C38ADF801
:1013A0000E0040F29810C2F200000078014602914F
:1013B000102800F219820299DFE811F0110059009B
:1013C000B200B300EB005D0173017401CC00830136
:1013D0001602B501B401160216021602150240F2F9
:1013E0002870C2F200000078012822D1FFE7BDF981
:1013F0000E00002815DCFFE740F2B260C2F20000E8
:10140000007870B1FFE740F2B060C2F200000078EF
:1014100038B1FFE740F2B461C2F200010120087068
:1014200006E040F2B461C2F2000100200870FFE75C
:101430001CE040F2B060C2F20000007870B1FFE73B
:1014400040F2B260C2F20000007838B1FFE740F22B
:10145000B461C2F200010120087006E040F2B461FC
:10146000C2F2000100200870FFE7FFE7BCE140F294
:10147000B360C2F20000007870B3FFE740F238605A
:10148000C2F200000078022808D0FFE740F238607E
:10149000C2F200000078032807D1FFE740F2B461F0
:1014A000C2F200010920087015E040F23860C2F273
:1014B0000000007838B9FFE740F2B461C2F20001E1
:1014C0000420087006E040F2B461C2F2000103207B
:1014D0000870FFE7FFE7FFE740F20850C2F20000A4
:1014E00090F8380001281AD1FFE740F20850C2F204
:1014F0000000019007F0D8FB019840F23811C2F2C9
:10150000000103F06BF9019840F26811C2F200018A
:1015100003F064F90199032081F83800FFE763E1E3
:1015200062E140F20840C2F20000407D88B1FFE76E
:1015300040F21070C2F20000006840F2A461C2F2F2
:101540000001486040F2B461C2F20001042008705A
:10155000FFE749E140F23860C2F20000007880B154
:10156000FFE740F29400C2F20000807D032807D11B
:10157000FFE740F2B461C2F2000104200870FFE707
:1015800006E040F2B461C2F2000104200870FFE7F7
:101590002AE140F22870C2F200000078012843D10D
:1015A000FFE740F23860C2F20000007805281FD142
:1015B000FFE7BDF90E00F8280CDBFFE7BDF90E00D0
:1015C0004CF214114843C01340F2A461C2F200016E
:1015D000086006E040F2A461C2F20001C820086081
:1015E000FFE740F2A460C2F2000003F019F91AE02C
:1015F00040F23860C2F200000078042812D1FFE700
:10160000BDF90E00F8280CDBFFE7BDF90E0042F231
:10161000E9314843C00B40F24C01C2F20001C883DB
:10162000FFE7FFE7FFE717E040F22870C2F2000093
:10163000007880B9FFE740F23860C2F2000000781D
:10164000052807D1FFE740F2A460C2F2000003F0D2
:10165000E7F8FFE7FFE7FFE740F2B360C2F2000000
:10166000007838B9FFE740F2B461C2F2000105200A
:101670000870FFE7B8E040F21070C2F200000068A6
:1016800038B9FFE740F2B461C2F2000101200870EE
:1016900006E040F2B461C2F2000105200870FFE7E5
:1016A000A2E0A1E040F2B560C2F20000007838B9D3
:1016B000FFE740F2B461C2F2000100200870FFE7CA
:1016C00092E040F2B360C2F200000078012803D13A
:1016D000FFE706F053FD0DE040F24C01C2F20001BD
:1016E00000200884C88340F2B461C2F200010520E2
:1016F0000870FFE740F23860C2F20000007802286C
:101700000FD0FFE740F23860C2F2000000780328F3
:1017100007D0FFE740F2B461C2F200010120087077
:10172000FFE761E060E040F23820C2F2000090F88C
:101730003D00012807D1FFE740F23820C2F2000047
:1017400007F0DAFB4EE040F23820C2F2000090EDE4
:10175000060AB5EE400AF1EE10FA0CD9FFE740F2A6
:101760003820C2F2000090ED050AB5EE400AF1EE15
:1017700010FA1AD8FFE740F23821C2F20001042023
:1017800081F83D0040F2B610C2F20000007800F08F
:10179000400340F2B562C2F20002107818431070A4
:1017A000C8694861086A88610BE040F23821C2F2DA
:1017B0000001032081F83D004869C861886908621A
:1017C000FFE706F06BFC06F0B1FCFEF7E9FDFFF762
:1017D00021F806F0A1FC40F2B461C2F2000105203C
:1017E0000870FFE700E0FFE740F28C51C2F2000111
:1017F000088900EE100AB8EEC00A9FED5B1A20EED1
:10180000010A9FED5A1A80EE010A9FED591A30EE37
:10181000010A9FED581A80EE010A9FED571A30EE2B
:10182000010A40F21C70C2F2000080ED000A90ED47
:10183000000A9FED521A20EE010ABDEEC00A10EE1A
:10184000102A40F2B660C2F200008280C988C180CE
:1018500040F21471C2F20001096842F63572C0F21A
:1018600002025143C90B018040F2A461C2F200019F
:1018700049685143C90B418040F20071C2F2000136
:1018800091ED020AB8EEC00A9FED3D1A20EE010A62
:10189000BDEEC00A10EE102AD20B028191ED010AB2
:1018A000B8EEC00A20EE010ABDEEC00A10EE101A12
:1018B000C90B4181B0F9060040F27E2188420FDC5D
:1018C000FFE740F2B610C2F20000007800F002021A
:1018D00040F2B561C2F2000108781043087019E0C7
:1018E00040F2B660C2F20000B0F90600B0F55C6FDD
:1018F0000FDBFFE740F2B610C2F20000007800F004
:10190000010240F2B561C2F200010878104308708C
:10191000FFE7FFE740F28C50C2F20000008940F67A
:10192000792188420FDBFFE740F2B610C2F20000D7
:10193000007800F0040240F2B561C2F200010878BC
:1019400010430870FFE740F2B560C2F20000007873
:1019500038B1FFE740F2B461C2F20001072008701D
:10196000FFE704B080BD00BF3333534000F07F4534
:101970008FC2F5BEA69BC43C000000000000C84218
:1019800093E0BE4180B582B04FF4805001F044F93D
:1019900048B3FFE71E2002F0D9FC4FF480500190BD
:1019A00001F030F9019940F60000C4F2010001F0A5
:1019B00083FB012816D1FFE740F2B360C2F20000BA
:1019C000007838B1FFE740F2B361C2F200010020B5
:1019D000087006E040F2B361C2F200010120087015
:1019E000FFE7FFE7FFE702B080BDD4D44EF6885191
:1019F000CEF20001086840F47000086041F2000176
:101A0000C4F20201086840F001000860FFE741F2FB
:101A10000000C4F202000068C0F34000012801D0B9
:101A2000FFE7F4E741F20401C4F20201086820F084
:101A300003000860FFE741F20400C4F202000068FE
:101A40008008800708B1FFE7F5E741F20001C4F222
:101A5000020108684FF6FF72CFF6F262104008608C
:101A600041F20401C4F202010020086041F2300199
:101A7000C4F20201086041F20801C4F202014FF40D
:101A80001F0008604EF60851CEF200014FF00060D2
:101A90000860704780B588B00020079006900590D8
:101AA0000490039000F08EFD8DF80B009DF80B0064
:101AB0000146019140B1FFE7019801282BD0FFE7D3
:101AC0000198022831D084E041F25400C4F20200AF
:101AD0000068400AC00798B1FFE741F23000C4F245
:101AE00002000068400EC00750B1FFE740F2040159
:101AF000C2F2000146F60040C0F2DC20086009E0B6
:101B000040F20401C2F2000141F20020C0F27A006A
:101B10000860FFE767E040F20401C2F2000141F211
:101B20000020C0F27A0008605DE041F20400C4F2D7
:101B300002000168C1F3004105910168C1F38341CE
:101B400007910068C0F341700690069820B9FFE73E
:101B500007980F2807D1FFE70699079800EB0110B7
:101B60000130079003E0079802300790FFE70598DF
:101B700060B9FFE7079840F60011C0F23D01484305
:101B800040F20401C2F20001086021E041F20400C9
:101B9000C4F202000068400CC00760B1FFE707987C
:101BA00040F60011C0F23D01484340F20401C2F288
:101BB000000108600BE0079841F20021C0F27A01B1
:101BC000484340F20401C2F200010860FFE7FFE76A
:101BD00009E040F20401C2F2000141F20020C0F22B
:101BE0007A000860FFE741F20400C4F202000068D6
:101BF000C0F30310049004994AF61C20C0F60000BC
:101C0000405C039040F20401C2F200010868039AAC
:101C1000D040086008B080BD82B001908DF80310FC
:101C20009DF803200199886862F30000886002B083
:101C30007047D4D481B08DF803009DF8032042F2A0
:101C40000441C4F20101086802F00F0220F4702080
:101C500040EA0240086001B07047D4D482B00190DD
:101C60000091009802780199486802F0010220F47E
:101C7000807040EA022048600098427801998868A4
:101C800002F0010220F0020040EA42008860009861
:101C900082780199886802F0010220F4006040EA2D
:101CA000C22088600098C078421E0199C86A02F07C
:101CB0000F0220F4700040EA0250C86202B0704780
:101CC00082B001908DF803109DF803200199886877
:101CD00002F0010220F4807040EA0220886002B025
:101CE0007047D4D483B0029001918DF803209DF801
:101CF0000300012806D1FFE7019A029948681043C2
:101D000048600AE09DF8030030B9FFE7019A0299A4
:101D1000486890434860FFE7FFE703B07047D4D4BA
:101D200081B000900099886840F00800886001B098
:101D30007047D4D482B0009000988068C008C00773
:101D400020B1FFE701208DF8070003E000208DF8A7
:101D50000700FFE79DF8070002B0704781B00090D0
:101D60000099886840F00400886001B07047D4D4BE
:101D700082B00090009880688008C00720B1FFE71B
:101D800001208DF8070003E000208DF80700FFE731
:101D90009DF8070002B0704783B002908DF80710DD
:101DA0008DF806208DF805309DF8070009281CDC09
:101DB000FFE70298006900909DF8070000EB4001E2
:101DC000072000FA01F10098884300909DF8050073
:101DD0009DF8071001EB410100FA01F1009808435A
:101DE00000900098029908611EE00298C068009077
:101DF0009DF8070000EB4000A0F11E01072000FA4B
:101E000001F10098884300909DF805009DF80710A7
:101E100001EB41011E3900FA01F1009808430090DE
:101E200000980299C860FFE79DF806000D281FDBA7
:101E3000FFE70298C06A00909DF8060000EB800062
:101E4000A0F141011F2000FA01F1009888430090A1
:101E50009DF807009DF8061001EB8101413900FA59
:101E600001F100980843009000980299C86242E08E
:101E70009DF8060007281FDBFFE70298006B009023
:101E80009DF8060000EB8000A0F123011F2000FA5E
:101E900001F10098884300909DF807009DF8061016
:101EA00001EB8101233900FA01F100980843009009
:101EB0000098029908631DE00298406B00909DF81D
:101EC000060000EB8000411F1F2000FA01F100987E
:101ED000884300909DF807009DF8061001EB8101F2
:101EE000053900FA01F10098084300900098029922
:101EF0004863FFE7FFE703B07047D4D482B0019096
:101F00008DF803109DF80300421E0199886B02F0C2
:101F1000030220F4401040EA0250886302B0704788
:101F200085B004908DF80F108DF80E208DF80D30CF
:101F30009DF80F0009281CDCFFE704980069029057
:101F40009DF80F0000EB4001072000FA01F1029814
:101F5000884302909DF80D009DF80F1001EB4101A0
:101F600000FA01F10298084302900298049908616E
:101F70001EE00498C06802909DF80F0000EB40003E
:101F8000A0F11E01072000FA01F102988843029097
:101F90009DF80D009DF80F1001EB41011E3900FA6C
:101FA00001F102980843029002980499C860FFE783
:101FB0009DF80E000499896BC1F30151401A03305A
:101FC0008DF807009DF807000138014600910328AD
:101FD00030D80099DFE801F0020A16229DF80F20A0
:101FE0000499886B62F30400886324E09DF80F2055
:101FF0000499886B02F01F0220F4787040EA4210C6
:10200000886318E09DF80F200499886B02F01F0286
:1020100020F4F84040EA822088630CE09DF80F200D
:102020000499886B02F01F0220F4782040EAC23045
:10203000886300E0FFE705B07047D4D482B0019018
:102040008DF803108DF802209DF80300082811DB9D
:10205000FFE70199886840F0007088609DF80300F0
:1020600000F007020199886820F4602040EA4240AD
:10207000886010E00199886820F0007088609DF801
:10208000030000F007020199886820F4602040EA0C
:1020900042408860FFE79DF802200199886802F0BD
:1020A000010220F4801040EA0250886002B07047BC
:1020B00082B001908DF803108DF802209DF8030086
:1020C000082811DBFFE70199886840F0807088607C
:1020D0009DF8030000F007020199886820F4E040B1
:1020E00040EA0230886010E00199886820F0807032
:1020F00088609DF8030000F007020199886820F4C9
:10210000E04040EA02308860FFE79DF80220019934
:10211000886802F0010220F4004040EAC230886082
:1021200002B0704782B001908DF803109DF8032033
:102130000199886802F0010220F4800040EA825090
:10214000886002B07047D4D483B002908DF8071035
:102150000020ADF804009DF8070001460091032817
:1021600018D80099DFE801F002070C110298C06B43
:10217000ADF804000FE00298006CADF804000AE02E
:102180000298406CADF8040005E00298806CADF850
:10219000040000E0FFE7BDF8040003B07047D4D4AA
:1021A00082B001908DF8031000208DF80200019894
:1021B00000689DF80310084204D1FFE700208DF865
:1021C000020003E001208DF80200FFE79DF8020005
:1021D00002B0704782B0019000910098C04301990D
:1021E000086002B07047D4D441F20001C4F2020189
:1021F000086840F001000860FFE741F20000C4F207
:1022000002000068C0F34000012801D0FFE7F4E7B6
:1022100041F20401C4F20201086820F003000860E2
:10222000FFE741F20400C4F2020000688008800762
:1022300008B1FFE7F5E741F20001C4F202010868C6
:102240004FF6FF72CFF6F2621040086041F20401CF
:10225000C4F202010020086041F23001C4F2020120
:10226000086041F20801C4F202014FF41F00086047
:102270007047D4D482B0019000208DF80300BDF8DF
:10228000060041F20001C4F202014058019901F038
:102290001F01C840C00720B9FFE700208DF80300E8
:1022A00003E001208DF80300FFE79DF8030002B072
:1022B0007047D4D480B584B0002003908DF80B0013
:1022C000FFE71120FFF7D6FF01460020012901900A
:1022D00008D0FFE703990020B1F5405F38BF012027
:1022E0000190FFE70198C00720B1FFE70398013094
:1022F0000390E6E71120FFF7BDFF012804D0FFE7B8
:1023000000208DF80B0003E001208DF80B00FFE7A3
:102310009DF80B0004B080BD82B001908DF80310D1
:102320009DF8030001280FD1FFE7019800F01F027C
:10233000012101FA02F3010C41F20002C4F202028F
:102340008858184388500EE0019800F01F020121C0
:1023500001FA02F3010C41F20002C4F202028858B1
:1023600098438850FFE702B07047D4D482B08DF80C
:1023700007008DF806109DF807000146009104281B
:1023800044D80099DFE801F0030E1D2C37009DF8BA
:10239000062041F20001C4F20201086862F3000065
:1023A000086034E09DF8062041F20001C4F2020109
:1023B000086802F0010220F4803040EA0240086020
:1023C00025E09DF8062041F20001C4F202010868F0
:1023D00002F0010220F0807040EA0260086016E01E
:1023E0009DF8062041F22001C4F20201086862F360
:1023F000000008600BE09DF8062041F22401C4F2C1
:102400000201086862F30000086000E0FFE702B024
:102410007047D4D481B08DF803009DF8032041F2B9
:102420000401C4F20201086802F00F0220F0F0007B
:1024300040EA0210086001B07047D4D481B08DF832
:1024400003009DF8032041F20401C4F20201086870
:1024500002F0070220F4E06040EA0220086001B0C8
:102460007047D4D481B08DF803009DF8032041F269
:102470000401C4F20201086802F0070220F460506F
:1024800040EAC220086001B07047D4D481B08DF812
:1024900003009DF8030000F0030241F20401C4F2BE
:1024A0000201086820F4404040EA823008609DF84C
:1024B00003200868920862F31C70086001B070473E
:1024C00081B08DF803008DF802108DF801209DF881
:1024D000030088B9FFE741F20401C4F20201086871
:1024E00020F48030086041F23001C4F20201086833
:1024F00040F0007008601FE041F20401C4F20201E4
:10250000086840F4803008609DF80300012809D174
:10251000FFE741F20401C4F20201086820F4003030
:10252000086008E041F20401C4F20201086840F4C6
:1025300000300860FFE7FFE79DF8020000F00F029F
:1025400041F20401C4F20201086820F4701040EA6C
:10255000824008609DF8020000F03002086820F018
:10256000C04040EA426008609DF80120086820F001
:10257000004040EAC270086001B0704781B08DF839
:1025800003009DF8032041F20401C4F2020108682F
:1025900062F30100086000BF00BF00BF00BF00BFC2
:1025A00000BF00BF00BF00BF00BF00BF00BF00BF33
:1025B00000BF00BF00BF00BF00BF00BF00BF01B031
:1025C0007047D4D441F20400C4F202000068C0F3A2
:1025D0008100704780B588B0079000200690059074
:1025E000049003900290FFF7EDFF8DF807009DF82F
:1025F00007000146009140B1FFE70098012825D06F
:10260000FFE70098022828D072E041F25400C4F29B
:1026100002000068400AC00780B1FFE741F23000C5
:10262000C4F202000068400EC00738B1FFE7079906
:1026300046F60040C0F2DC20086006E0079941F24F
:102640000020C0F27A000860FFE758E0079941F2E5
:102650000020C0F27A00086051E041F20400C4F2A8
:1026600002000168C1F3004104910168C1F3834194
:1026700006910068C0F341700590059820B9FFE706
:1026800006980F2807D1FFE70599069800EB01107F
:102690000130069003E0069802300690FFE70498A8
:1026A00048B9FFE7069840F60011C0F23D014843E3
:1026B000079908601BE041F20400C4F202000068C0
:1026C000400CC00748B1FFE7069840F60011C0F281
:1026D0003D0148430799086008E0069841F200214F
:1026E000C0F27A01484307990860FFE7FFE706E078
:1026F000079941F20020C0F27A000860FFE741F23A
:102700000400C4F202000168C1F303110391039AAB
:102710004AF62C21C0F60001895C0291079A1168E3
:10272000029BD94051600168C1F302210391039AD1
:102730004AF63C21C0F60001895C0291079A516873
:10274000029BD940D1600168C1F3C2210391039A71
:102750004AF64421C0F60001895C0291079A51684B
:10276000029BD94091600168C1F300710391039904
:102770000068C0F3813040EA8100039003994AF673
:102780004C20C0F60000405C029007998868029ACD
:10279000B0FBF2F0086108B080BDD4D481B08DF8F0
:1027A00003009DF80300012809D1FFE741F254011D
:1027B000C4F20201086840F03000086008E041F20D
:1027C0005401C4F20201086820F030000860FFE7FD
:1027D00001B0704782B0019000200090019A11680A
:1027E00021F0010111600199086001994860019987
:1027F00088600199C86001980090009800F49F607B
:10280000C008802817D8FFE79DF8000008384CF66C
:10281000CD41CCF6CC41A0FB01016FF0030000EAF2
:1028200091010F2000FA01F20421C4F202010868AC
:10283000104308601FE0009800F49F60C0089028D3
:1028400018D8FFE79DF8000008384CF6CD41CCF6CB
:10285000CC41A0FB01016FF0030000EA91010F20C1
:1028600000FA01F240F20441C4F202010868104388
:102870000860FFE7FFE702B07047D4D482B0019050
:10288000ADF80210BDF802000199486002B070472F
:1028900081B000900098406880B201B07047D4D4F5
:1028A00083B0029001918DF803209DF8030030B1B0
:1028B000FFE7019A029908681043086005E0019A51
:1028C0000299086890430860FFE703B07047D4D4CA
:1028D00082B001908DF803109DF8032001990868DB
:1028E00062F30000086002B07047D4D482B0019057
:1028F0008DF803108DF802200198D0F8A400000E86
:10290000C00740B9FFE70199D1F8A40040F08070FA
:10291000C1F8A400FFE79DF8030001280BD1FFE7F1
:102920009DF802200199D1F8A00020F0FF0010448A
:10293000C1F8A0006AE09DF8030002280CD1FFE76F
:102940009DF802200199D1F8A00020F47F4040EAD0
:102950000220C1F8A00058E09DF8030003280CD124
:10296000FFE79DF802200199D1F8A00020F47F0034
:1029700040EA0240C1F8A00046E09DF803000428A8
:102980000CD1FFE79DF802200199D1F8A00020F0BA
:102990007F4040EA0260C1F8A00034E09DF80300E7
:1029A00005280BD1FFE79DF802200199D1F8A4007A
:1029B00020F0FF001044C1F8A40023E09DF80300BC
:1029C00006280CD1FFE79DF802200199D1F8A40058
:1029D00020F47F4040EA0220C1F8A40011E09DF8F5
:1029E000030007280CD1FFE79DF802200199D1F8D8
:1029F000A40020F47F0040EA0240C1F8A400FFE7F1
:102A0000FFE7FFE7FFE7FFE7FFE7FFE702B07047F9
:102A100081B00090009900200860009948600099FA
:102A200008810099488100990873009948730099BA
:102A300088730099C873009908740099487401B0AC
:102A40007047D4D482B001900091019908684BF688
:102A5000EF721040086000980289019908681043DD
:102A600008600098427C0199086802F0030220F493
:102A7000405040EA023008600098C27B0199086823
:102A800002F0030220F4406040EA822008600098CF
:102A9000827B0199086802F0030220F4407040EA4A
:102AA000022008600098427B0199086802F0010248
:102AB00020F0800040EAC21008600098027B019973
:102AC000086802F0010220F0400040EA821008602D
:102AD0000098027C0199086802F0010220F02000B1
:102AE00040EA4210086000984089019948600098C7
:102AF000006801998860009840680199C86002B038
:102B00007047D4D481B00090009900204872009999
:102B100048600099012008720099087001B0704760
:102B200082B0019000200090019840680090009AC7
:102B300040F20041C4F20101086890430860009A25
:102B400040F20441C4F20101086890430860019812
:102B5000407A002854D0FFE70198007848B9FFE791
:102B6000009A40F20041C4F2010108681043086075
:102B700008E0009A40F20441C4F2010108681043E1
:102B80000860FFE7009A40F20841C4F201010868BA
:102B900090430860009A40F20C41C4F201010868B9
:102BA000904308600198007A48B9FFE7009A40F224
:102BB0000841C4F201010868104308601FE0019851
:102BC000007A012809D1FFE7009A40F20C41C4F2D3
:102BD000010108681043086010E0009A40F20841C3
:102BE000C4F20101086810430860009A40F20C41E9
:102BF000C4F20101086810430860FFE7FFE7FFE740
:102C000002B0704781B00090009840F21441C4F2C5
:102C10000101086001B0704783B0029000208DF878
:102C20000700009040F21440C4F2010000680299CD
:102C300008400090009820B1FFE701208DF80700C0
:102C400003E000208DF80700FFE79DF8070003B0C0
:102C50007047D4D481B003208DF8030042F20C00F9
:102C6000C4F202000068C00720B1FFE700208DF821
:102C700003001FE042F20C00C4F20200006880086A
:102C8000C00720B1FFE701208DF8030011E042F2F8
:102C90000C00C4F2020000680009C00720B1FFE781
:102CA00002208DF8030003E003208DF80300FFE706
:102CB000FFE7FFE79DF8030001B0704781B00320F4
:102CC0008DF8030042F28C00C4F202000068C007D5
:102CD00020B1FFE700208DF803001FE042F28C00D6
:102CE000C4F2020000688008C00720B1FFE701209D
:102CF0008DF8030011E042F28C00C4F2020000687B
:102D00000009C00720B1FFE702208DF8030003E0AF
:102D100003208DF80300FFE7FFE7FFE79DF80300BE
:102D200001B0704780B584B0039003208DF80B008C
:102D3000FFF790FF8DF80B00FFE79DF80B100020C8
:102D4000019031B9FFE70398002818BF01200190D6
:102D5000FFE70198C00740B1FFE7FFF77BFF8DF861
:102D60000B00039801380390E7E7039820B9FFE7C9
:102D700004208DF80B00FFE79DF80B0004B080BD28
:102D800080B584B0039003208DF80B00FFF796FF09
:102D90008DF80B00FFE79DF80B100020019031B972
:102DA000FFE70398002818BF01200190FFE7019872
:102DB000C00740B1FFE7FFF781FF8DF80B000398D4
:102DC00001380390E7E7039820B9FFE704208DF866
:102DD0000B00FFE79DF80B0004B080BD42F2040138
:102DE000C4F2020140F22310C4F26750086048F6B2
:102DF000AB10CCF6EF5008607047D4D442F210010B
:102E0000C4F20201086840F0800008607047D4D422
:102E100080B584B0039003208DF80B000398B0F1C7
:102E2000046F21D3FFE742F29001C4F20201019145
:102E3000086840F002000860039842F29402C4F26D
:102E400002021060086840F0400008604FF0FF3058
:102E5000FFF796FF01998DF80B00086820F002003B
:102E6000086000F025F81EE042F21001C4F20201F1
:102E70000091086840F002000860039842F21402D2
:102E8000C4F202021060086840F0400008604FF091
:102E90008040FFF747FF00998DF80B00086820F08D
:102EA00002000860FFE79DF80B0004B080BDD4D499
:102EB0004FF00460006841F20000C0F64000006876
:102EC00042F20000C0F640000068704780B586B04E
:102ED0000590049103208DF80F000598B0F1046F60
:102EE0001AD3FFE742F29001C4F20201029108688E
:102EF00040F0010008600498059908604FF48010C4
:102F0000FFF73EFF02998DF80F00086820F00100DE
:102F10000860FFF7CDFF17E042F21001C4F2020192
:102F20000191086840F00100086004980599086064
:102F30004FF48010FFF7F6FE01998DF80F00086836
:102F400020F001000860FFE79DF80F0006B080BD8B
:102F500084B00390029102980068ADF800000298D6
:102F60008079032804D1FFE70020ADF802002FE0AC
:102F700002988079E0B9FFE70298407900F00F00ED
:102F8000ADF8020002984079182805D1FFE7BDF896
:102F90000000039908610AE002984079282805D1C9
:102FA000FFE7BDF8000003994861FFE7FFE70EE087
:102FB00002990A798879C97900F0080002F00402C0
:102FC000104401F003010844ADF80200FFE7FFE7F9
:102FD0009DF8000040B3FFE700200190FFE7019853
:102FE000072820D8FFE70199BDF80000C840C007B6
:102FF000A0B1FFE7019881000F2000FA01F20399C8
:10300000086890430860BDF802000199890000FA41
:1030100001F20399086810430860FFE7FFE7019891
:1030200001300190DBE7FFE7BDF80000B0F5807FDD
:103030002CDBFFE79DF80100ADF8000000200190B7
:10304000FFE70198072820D8FFE70199BDF80000A5
:10305000C840C007A0B1FFE7019881000F2000FA27
:1030600001F20399486890434860BDF80200019955
:10307000890000FA01F20399486810434860FFE7AD
:10308000FFE7019801300190DBE7FFE704B07047EC
:1030900081B0009000994FF6FF7008600099002001
:1030A00088710099087100990420487100990120E5
:1030B000C87101B07047D4D482B00190ADF802104D
:1030C00000208DF80100BDF80200019989680140D7
:1030D000884204D0FFE700208DF8010003E00120C2
:1030E0008DF80100FFE79DF8010002B07047D4D4CD
:1030F00085B004908DF80F109DF813000021C4F2E4
:10310000010108430290BDF812008DF803000498F5
:10311000000A8DF8020004988DF801009DF8020065
:103120009DF803100844C0F120014FF0FF308840A3
:10313000019001989DF802109DF803201144C1F1FF
:103140002001C840019001989DF80310C8400190EB
:1031500001989DF8031088400190019A029908682F
:10316000904308609DF80F0058B1FFE79DF80100FB
:103170009DF8031000FA01F20299086810430860F4
:10318000FFE705B07047D4D483B08DF80B008DF8FD
:103190000A10002001909DF80A0000F00300810051
:1031A0000F20884001909DF80A0080080146009198
:1031B000032854D80099DFE801F002162A3E019A4C
:1031C0000821C4F201010868904308609DF80B00D3
:1031D0009DF80A2002F00302920000FA02F2086849
:1031E000104308603CE0019A0C21C4F20101086818
:1031F000904308609DF80B009DF80A2002F003023E
:10320000920000FA02F208681043086028E0019A70
:103210001021C4F201010868904308609DF80B007A
:103220009DF80A2002F00302920000FA02F20868F8
:103230001043086014E0019A1421C4F201010868E7
:10324000904308609DF80B009DF80A2002F00302ED
:10325000920000FA02F208681043086000E0FFE7FD
:1032600003B0704780B584B08DF80F0002910192D1
:103270000020009000F046F80299019A00F00CF846
:1032800000909DF90F00009900F044F89DF90F009F
:1032900000F062F804B080BD88B0079006910592F6
:1032A000079800F0070004900498C0F10700052873
:1032B00003D3FFE70420019004E00498C0F1070065
:1032C0000190FFE70198039004980430062803D882
:1032D000FFE70020009003E0049803380090FFE728
:1032E0000098029006980399012202FA01F101392F
:1032F0000840029B984005999A40013A11400843C2
:1033000008B070474EF60C50CEF200000068C0F3D3
:103310000220704782B08DF8070000919DF90700E8
:1033200000280AD4FFE7009800019DF907104EF22B
:103330000042CEF2000288540BE0009800019DF894
:10334000071001F00F014EF61452CEF2000288541D
:10335000FFE702B07047D4D481B08DF803009DF927
:10336000030000280ED4FFE79DF9031001F01F02AF
:10337000012090404A094EF20011CEF2000141F8BE
:103380002200FFE701B0704780B582B08DF80700DA
:103390009DF8070000F002F802B080BD83B00290F3
:1033A000029800F0070000904EF60C51CEF200019A
:1033B0000868019001984FF6FF02104001900198B3
:1033C000009A40EA02200022C0F2FA521043019013
:1033D0000198086003B0704781B08DF803009DF834
:1033E0000300042809D1FFE74EF21001CEF20001DC
:1033F000086840F00400086008E04EF21001CEF2C8
:103400000001086820F004000860FFE701B0704781
:1034100082B001908DF803109DF80320019908688F
:1034200062F30000086002B07047D4D481B000900D
:1034300000990020087000994870009988700099E0
:10344000C87000990871009948710099887101B09D
:103450007047D4D481B00090009900200870009982
:103460004870009988700099C87000990871009997
:1034700048710099887101B07047D4D483B002902C
:103480000191009201980299C8620098029988629D
:103490000299486940F00100486103B07047D4D4F4
:1034A00082B001908DF803109DF8032001990868FF
:1034B00002F0030220F4407040EA0220086002B0EB
:1034C0007047D4D482B001908DF803109DF803208A
:1034D0000199086802F0070220F0700040EA02102B
:1034E000086002B07047D4D482B001908DF8031008
:1034F0009DF803200199086B20F0FF001044086339
:1035000002B0704787B006908DF817100492002023
:10351000ADF80E00ADF80C00ADF80A009DF81700EC
:103520000830ADF808009DF817000930ADF8060026
:1035300004984078BDF808108840ADF80E00049853
:103540008078BDF806108840ADF80C00BDF8061074
:10355000012000FA01F3069A516899435160BDF8C1
:103560000C30069A516819435160BDF8081000FAF2
:1035700001F20699486890434860BDF80E2006990C
:103580004868104348609DF81700ADF80A00BDF880
:103590000A0001460091062836D80099DFE801F0BC
:1035A000043410341C342800049802780699886981
:1035B00002F0070220F0700040EA0210886124E067
:1035C000049802780699886902F0070220F4E04026
:1035D00040EA0230886118E0049802780699C869C8
:1035E00002F0070220F0700040EA0210C8610CE00F
:1035F000049802780699C86902F0070220F4E040B6
:1036000040EA0230C86100E0FFE79DF81700400083
:103610000130ADF808009DF81710032000EB4100C1
:10362000ADF806000498C078BDF808108840ADF8E1
:103630000E0004980079BDF806108840ADF80C0023
:10364000BDF80610012000FA01F3069A116A9943A9
:103650001162BDF80C30069A116A19431162BDF867
:10366000081000FA01F3069A116A99431162BDF835
:103670000E30069A116A194311629DF8171049001D
:10368000ADF808109DF81710022202EB4101ADF8C9
:103690000610049949799DF817305B009940ADF800
:1036A0000E10049989799DF8173002EB430291407E
:1036B000ADF80C10BDF8061000FA01F3069A116A75
:1036C00099431162BDF80C30069A116A19431162D0
:1036D000BDF8081000FA01F20699086A90430862E2
:1036E000BDF80E200699086A1043086207B07047BB
:1036F00085B004908DF80F1002929DF80F00ADF880
:103700000600BDF8060001460091062816D800996B
:10371000DFE801F0041408140C1410000298049956
:1037200048630CE002980499886308E002980499C1
:10373000C86304E002980499086400E0FFE705B05C
:103740007047D4D483B002908DF807108DF806200E
:103750009DF80700ADF80400BDF804000146009193
:10376000062836D80099DFE801F0043410341C3400
:1037700028009DF806200299886902F0010220F0D5
:10378000080040EAC200886124E09DF80620029902
:10379000886902F0010220F4006040EAC2208861DA
:1037A00018E09DF806200299C86902F0010220F095
:1037B000080040EAC200C8610CE09DF806200299AA
:1037C000C86902F0010220F4006040EAC220C8612A
:1037D00000E0FFE703B0704782B001908DF803105E
:1037E0009DF803200199086802F0010220F008000A
:1037F00040EAC200086002B07047D4D483B002909F
:103800008DF807108DF806209DF80700ADF804002C
:10381000BDF8040001460091062856D80099DFE85B
:1038200001F0040C1824303C48009DF80620029951
:10383000086A62F30000086248E09DF806200299D9
:10384000086A02F0010220F0040040EA82000862E7
:103850003CE09DF806200299086A02F0010220F07F
:10386000100040EA0210086230E09DF8062002993C
:10387000086A02F0010220F0400040EA821008626B
:1038800024E09DF806200299086A02F0010220F463
:10389000807040EA0220086218E09DF80620029934
:1038A000086A02F0010220F4806040EA8220086287
:1038B0000CE09DF806200299086A02F0010220F44B
:1038C000805040EA0230086200E0FFE703B0704732
:1038D00082B001908DF803109DF80320019948688B
:1038E00002F0070220F0700040EA0210486002B0C7
:1038F0007047D4D483B0029001918DF803209DF8D5
:103900000300012806D1FFE7019A0299C868104315
:10391000C8600AE09DF8030030B9FFE7019A0299F8
:10392000C8689043C860FFE7FFE703B07047D4D48E
:1039300083B00290019100208DF803000298006985
:103940000199084204D0FFE701208DF8030003E04D
:1039500000208DF80300FFE79DF8030003B07047D7
:1039600082B0019000910098C0430199086102B0B3
:103970007047D4D482B001908DF803109DF80320D5
:103980000199486C02F0010220F4004040EAC23084
:10399000486402B07047D4D482B00190009100987E
:1039A00082790199486C02F0010220F4805040EACB
:1039B00002304864009802780199486C20F0FF00BA
:1039C00010444864009842790199486C02F0010261
:1039D00020F4806040EA82204864009802790199CE
:1039E000486C02F0010220F4006040EAC220486402
:1039F000009842780199486C02F0010220F40050CE
:103A000040EA423048640098C2780199486C02F05C
:103A1000010220F4804040EA8230486400988278B5
:103A20000199486C02F0030220F4407040EA022041
:103A3000486402B07047D4D480B58AB00990089128
:103A40008DF81F208DF81E3002A8FEF7C3FD0998DF
:103A500043F60001C4F20101884203D1FFE7049854
:103A6000019002E005980190FFE7019800EB8000CB
:103A700040000899B0FBF1F0009000984CF6CD4161
:103A8000CCF6CC41A0FB0121C90801EB8101A0EBE0
:103A9000410004280AD8FFE700984CF6CD41CCF647
:103AA000CC41A0FB0110C00800900BE000984CF640
:103AB000CD41CCF6CC41A0FB0101012000EBD100AF
:103AC0000090FFE7BDF80020099988684FF6FF7362
:103AD0009843104488609DF81F200999C86802F037
:103AE000010220F4805040EA0230C8609DF81E2098
:103AF0000999086902F0030220F4405040EA0230BC
:103B000008610AB080BDD4D482B001908DF8031052
:103B10009DF803200199C86802F0010220F40050CA
:103B200040EA4230C86002B07047D4D482B00190FD
:103B30008DF803109DF803200199C86802F0010276
:103B400020F0080040EAC200C86002B07047D4D438
:103B500082B001908DF803109DF803200199C86888
:103B600002F0010220F0040040EA8200C86002B0C6
:103B70007047D4D483B0029001918DF803209DF852
:103B8000030001280CD1FFE7019800F01F0201217A
:103B900001FA02F30299020C8858184388500BE08E
:103BA000019800F01F02012101FA02F30299020CB0
:103BB000885898438850FFE703B0704782B001905F
:103BC0008DF803109DF803200199486902F0010265
:103BD00020F0800040EAC210486102B07047D4D49F
:103BE00082B001908DF803109DF803200199486977
:103BF00002F0010220F0400040EA8210486102B069
:103C00007047D4D483B00190009101980068009966
:103C1000084204D0FFE701208DF80B0003E00020EC
:103C20008DF80B00FFE79DF80B0003B07047D4D46C
:103C300082B0019000919DF80000C00628B1FFE716
:103C4000019800680198406804E00098C043019919
:103C50000860FFE702B0704780B584B00290019120
:103C600000200090029818B1FFE7019820B9FFE703
:103C70006FF00700039056E040F2A450C2F200003B
:103C8000007838B9FFE740F2A850C2F2000000F017
:103C90007BFAFFE740F2A451C2F20001087801303C
:103CA0000870019800680299086002990020486035
:103CB0000298343000F080FA02990868486302984C
:103CC00000640298083000F05FFA029800F13401B5
:103CD00040F2A850C2F2000000F076FA0198406865
:103CE00028B1FFE7019840680299086303E06FF08C
:103CF0000A000090FFE701980C3002998862019851
:103D0000806868B1FFE702980199896800F00EF8B1
:103D10000090009818B1FFE70098039003E0FFE7D8
:103D200000980390FFE7039804B080BD80B584B08D
:103D300002900191029818B1FFE7019820B9FFE7BE
:103D40006FF0070003901CE001980299C862019887
:103D5000006878B1FFE70198808801280ADBFFE757
:103D6000019800680090009801998A88002100F06D
:103D700040F803E06FF00700039002E0002003909A
:103D8000FFE7039804B080BD83B00190019818B993
:103D9000FFE7002002900CE0019840680090009836
:103DA00020B1FFE7019900204860FFE700980290EA
:103DB000FFE7029803B0704781B040F2A850C2F20A
:103DC000000000690090FFE7009840F2A851C2F29D
:103DD00000010831884205D0FFE7FFE700988068BE
:103DE0000090F1E701B0704740F2A850C2F2000025
:103DF000704700239A4208BF7047C1540133F9E766
:103E000080B540F2BC50C2F2000000F0BDF980BDA8
:103E100080B584B003900020019002900398103088
:103E200000F008FA019803990873029804B080BD65
:103E300080B584B00020039040F2BC50C2F2000074
:103E400000690090FFE7009840F2BC51C2F2000107
:103E50000831884228D0FFE70098C06808B9FFE71A
:103E60001EE00098C06802900298806808B1FFE7E1
:103E700007E04AF61930C0F60000782100F08AF811
:103E8000FFE702994868896888478DF807009DF91F
:103E9000070020B9FFE70298FFF7BAFFFFE7FFE747
:103EA000009880680090CEE7039804B080BDD4D419
:103EB00084B003900291019216200090039800991B
:103EC000884205D2FFE70398B0F1FF3F01DCFFE72E
:103ED00000E0FFE704B0704783B0029001910092C8
:103EE00003B0704780B582B00190019808B9FFE730
:103EF0001FE00198006888B1FFE70198006840F270
:103F00000801C2F20001086040F2D050C2F2000085
:103F100000F0DCF808B1FFE7FFE7FFE7FFF770FF0D
:103F2000FFF74AFF40F2DC51C2F2000101200870A5
:103F3000FFE702B080BDD4D480B584B0FFF754FF52
:103F40000390039808B9FFE722E003980069029004
:103F5000FFE7029803990831884216D0FFE70298DC
:103F6000C0680190019808B9FFE711E00198806AE4
:103F700008B9FFE70CE00198816A006B496888473F
:103F8000FFE7029880680290E3E7FFF751FFFFE741
:103F900004B080BD82B001900091FFE7FEE7D4D469
:103FA00080B584B0029002980190019878B9FFE73B
:103FB0004AF66620C0F600004AF6F121C0F600017C
:103FC0006A22FFF789FF6FF01300039002E00020E0
:103FD0000390FFE7039804B080BDD4D480B586B0C9
:103FE00004900020039004980190019820B1FFE70D
:103FF0000198006878B9FFE74AF67E20C0F6000015
:104000004AF6F121C0F600014E22FFF765FF6FF07E
:10401000130005900FE001980068FFF7B5FE0290CD
:10402000029828B1FFE70198029900F007F8FFE72E
:1040300003980590FFE7059806B080BD80B582B073
:1040400001900091019820B1FFE70198406860B9A4
:10405000FFE74AF6A820C0F600004AF6F121C0F6B4
:1040600000012A22FFF738FF2EE09DF80000C0076C
:1040700090B1FFE74AF65420C0F600004AF6F1215D
:10408000C0F600013022FFF727FF01984168086859
:104090008A6889889047FFE79DF80000800700281C
:1040A00012D5FFE74AF60730C0F600004AF6F121C4
:1040B000C0F600013522FFF70FFF0198416808683C
:1040C000CA6889889047FFE702B080BD80B586B096
:1040D00004900391002002900498019003980090AE
:1040E000019818B1FFE7009878B9FFE74AF6313038
:1040F000C0F600004AF6F121C0F600018622FFF763
:10410000EBFE6FF0130005903BE00098006801990A
:104110004860019940F2E050C2F200000860019846
:10412000006878B9FFE74AF6D220C0F600004AF6E8
:10413000F121C0F600018F22FFF7CEFE6FF01300D1
:1041400005901EE0049840F21001C2F200014860A0
:1041500001980068FFF780FD02900298B0F1FF3FE0
:104160000BDCFFE702984AF6F121C0F60001982225
:10417000FFF79EFE0298059003E0FFE70298059086
:10418000FFE7059806B080BD81B00090009901F16D
:104190000800486000994FF0FF308860009901F1F5
:1041A0000800C860009901F108000861009900202A
:1041B000086001B07047D4D481B00090009900200D
:1041C000086101B07047D4D484B003900291029882
:1041D000006800900098013020B9FFE7039800695B
:1041E000019010E0039808300190FFE701984068C3
:1041F00000680099884205D8FFE7FFE7019840680A
:104200000190F3E7FFE7019840680299486002983F
:104210004168886001980299886002980199486015
:10422000039802990861039908680130086004B096
:104230007047D4D482B00190019800690090019831
:10424000416880688860019948688968486000987A
:1042500040680199884205D1FFE70198806800997C
:10426000486000E0FFE701990020086100990868B4
:10427000013808600098006802B0704780B50420DB
:10428000FFF7AAF840F20400C2F20000006844F60A
:10429000D351C1F26201A0FB011080094EF214015A
:1042A000CEF2000108604EF21801CEF200010020AB
:1042B00008604EF21001CEF20001086840F00300E1
:1042C00008604FF0FF30032100F002F880BDD4D425
:1042D00082B08DF8070000919DF9070000280AD4EC
:1042E000FFE7009800019DF907104EF20042CEF260
:1042F000000288540BE0009800019DF8071001F0BF
:104300000F014EF61452CEF200028854FFE702B0BD
:104310007047D4D440F20400C2F2000000684DF6A9
:104320008361C4F21B31A0FB0110810C40F22860B4
:10433000C2F20000016000684FF47A71484340F215
:104340002C61C2F2000108607047D4D484B0ADF88B
:104350000E00002002904EF21800CEF2000000681D
:1043600001904EF21000CEF2000000680290FFE7CC
:10437000BDF80E00A0B1FFE7FFE74EF21000CEF24D
:10438000000000680290FFE79DF80A00C0070028BF
:10439000F3D0FFE7BDF80E000138ADF80E00E7E7F7
:1043A000FFE74EF21800CEF2000000680090FFE731
:1043B000009801998842F4D8FFE704B07047D4D43C
:1043C00080B582B0ADF80200BDF9020005F0D8FA60
:1043D000ADF80600BDF9020005F0B0FAADF8040032
:1043E000019802B080BDD4D483B0029001910298AC
:1043F0000088019908800299B1F90200B1F904100E
:10440000401A44F6E611484300900098C00B019909
:10441000488003B07047D4D483B0029001910298D1
:104420000199B0F91620B0F91800B1F90030B1F9CE
:1044300002105A4310FB012000900098C00B029913
:1044400088830299B1F91600B1F918200199B1F9E0
:104450000030B1F902105A4300FB1120009000987F
:10446000C00B0299488303B07047D4D483B0029044
:1044700001910299B1F90400B1F906200199B1F94D
:104480000030B1F902105A4300FB1120009000984F
:10449000C00B029908800299B1F90400B1F9062015
:1044A000019BB3F90010B3F902305A4310FB01200D
:1044B00000900098C00B0299488003B07047D4D494
:1044C00082B00190009100988088019988800098BE
:1044D000C0880199C880009991F902200888104489
:1044E00008800098B0F90000B0F1FF3F06DCFFE75C
:1044F0000099088800F500400880FFE702B0704787
:1045000080B582B001908DF80310FFE740F2306073
:10451000C2F20000007810287DDCFFE70198006BF4
:104520000421FDF73DFE00285DD0FFE740F22400A6
:10453000C2F200000078012855D1FFE70198006B16
:104540000421FDF747FE40F23060C2F2000000781F
:1045500001283ADBFFE79DF8030001280EDBFFE7A7
:104560000198006B0021FDF7EFFD024640F2326139
:10457000C2F20001088810440880FFE79DF803009C
:1045800002280EDBFFE70198006B0121FDF7DCFD3F
:10459000024640F23461C2F20001088810440880EB
:1045A000FFE79DF8030003280EDBFFE70198006B8F
:1045B0000221FDF7C9FD024640F23661C2F2000158
:1045C000088810440880FFE7FFE740F22401C2F2A8
:1045D00000010020087040F23061C2F2000108784A
:1045E0000130087016E00198006B0421FDF7D8FD3A
:1045F00078B9FFE740F22400C2F2000000780128F9
:1046000007D0FFE740F22401C2F200010120087048
:10461000FFE7FFE77AE79DF80300012809D1FFE7EC
:1046200040F23260C2F200000088000901998885DA
:1046300025E09DF80300022801D1FFE71EE09DF868
:104640000300032819D1FFE740F23260C2F20000F4
:10465000008800090199C88440F23460C2F2000069
:10466000008800090199088540F23660C2F2000016
:104670000088000901994885FFE7FFE7FFE701206F
:1046800002B080BD80B584B0039002910398006BA6
:1046900000210091FDF758FD024600980399CB8C4C
:1046A000D21AA0EBC20008820398006B0121FDF72B
:1046B0004BFD0246009803990B8DD21AA0EBC20065
:1046C00048820398006B0221FDF73EFD02460098E8
:1046D00003994B8DD21AA0EBC20088820399888E71
:1046E000B1F91010484301900198039991F83820CE
:1046F000C2F10F02104108820399888EB1F912109D
:10470000484301900198039991F83820C2F10F02B3
:10471000104148820399888EB1F9141048430190E2
:104720000198039991F83820C2F10F021041888254
:104730000299B1F90600098B88420DDDFFE7039964
:10474000488A88810399888AC88103998889CA8997
:1047500010444042488136E00299B1F90800098BC3
:1047600088420DDDFFE70399088A48810399888A0A
:10477000C88103994889CA8910444042888121E050
:104780000299B1F90A00098B88420DDDFFE7039910
:10479000088A48810399488A8881039948898A89C7
:1047A00010444042C8810CE00399088A488103996B
:1047B000488A8881039948898A8910444042C8817F
:1047C000FFE7FFE7FFE704B080BDD4D482B00190DB
:1047D000009100980199486102B0704782B0019041
:1047E00000910198008E009908800198408E0099F0
:1047F00048800198808E009908840198C08E0099A5
:1048000048840099B1F910004A8C90408860009962
:10481000B1F912004A8C9040C86002B07047D4D4FD
:1048200082B00190019908684968401A0090009888
:104830000199B1F90810884211DBFFE70199B1F93C
:104840000820486810444860019801684068884220
:1048500004DBFFE7019908684860FFE71DE0009866
:104860000199B1F90A104942884211DAFFE701992A
:10487000B1F90A204868801A4860019801684068C8
:10488000884204DCFFE7019908684860FFE703E01D
:10489000019908684860FFE7FFE702B07047D4D489
:1048A00080B584B0ADF80E00102000F04DF90290F4
:1048B000BDF80E00042100F011FA0190BDF80E00C1
:1048C0000299088002990020488002998860019826
:1048D0000299C860029804B080BDD4D483B002901D
:1048E0000191029948880988884207DBFFE702990D
:1048F00000204880029901208880FFE70298808884
:10490000012811DBFFE702998868CA684B8852F8D2
:104910002320801A019A10448860029988680988C7
:1049200090FBF1F000900CE002998868019A104425
:104930008860029988684988013190FBF1F0009005
:10494000FFE70198DDF808C0DCF80C10BCF8022085
:10495000531CACF8023041F82200009803B07047B5
:1049600080B590B00F900F980090B0F9040005F05A
:1049700067FD0246009801920A46019942EC101B1D
:104980008DED020B006805F05BFD9DED021B41EC17
:10499000100B51EC110B53EC102B05F0F1FB41EC1B
:1049A000100B8DED0C0B9DED0C0B51EC100B9FEDD6
:1049B000240B53EC102B0793069205F0EDF941EC14
:1049C000100B53EC102B9FED200B51EC100B0591AD
:1049D000049005F0D5FB41EC100B51EC100B05F0E9
:1049E00017FC049A059B0F99C8809DED0C0B51ECA8
:1049F000100B0991089005F0E7FE069A079B844684
:104A000008988E4609994EEC10CB8DED0A0B05F0F7
:104A1000C3F99DED0A1B41EC100B51EC110B53EC4B
:104A2000102B05F0ADFB41EC100B51EC100B05F019
:104A3000EFFB0F99088110B080BD00BF00BF00BF21
:104A4000000000000000F03F00000000C0FFDF4059
:104A500010B584B0039002910398B0F906C0B0F984
:104A600008204FEAEC71D0F814E00369ACFB0304B2
:104A70000CFB0E4C01FB03C1029BC2FB0301019125
:104A8000009000980199C00B40EA4140CA13039975
:104A90004A6108610398006904B010BDF0B503AF26
:104AA0004DF804BD04460F4A54F8040D1268261848
:104AB000964203D000205DF804BBF0BD0D1A082D0E
:104AC00098BF0825284600F00FF8B04205D0411CD9
:104AD000F0D020C000F092F8ECE720682844206075
:104AE0000120E8E764050020F0B503AF4DF8048D20
:104AF000002816D4044600F0C9F8411C11D000F17A
:104B00000B010619DFF83C8021F007010C1FC8F8E3
:104B1000006084420ED0251A284600F0B7F8B04253
:104B200005D04FF0FF3420465DF8048BF0BD2844DB
:104B3000C8F80000D8F804000028F4D1C8F80440F0
:104B4000F1E700BF64050020F0B503AF4DF8048D18
:104B500010F1140F06D328490C2200F091F84250AE
:104B6000002039E00446224800F086F8E01D214C80
:104B700020F0070808F10805264624686CB154F8AF
:104B8000040CA84211D220680028F5D120462946FD
:104B9000FFF784FF0028EFD013E02846FFF7A4FFBB
:104BA000044601301BD020C40DE0401B082808D368
:104BB00021686151611941F8040C316044F8045CCA
:104BC00001E0206830600A4800F057F848F004011E
:104BD000204600F07FF820465DF8048BF0BD0649C2
:104BE0000C2200F04DF84250014800F046F8B7E7BB
:104BF0006C0500206005002008000000D0B502AF61
:104C0000C8B1044600202060184800F035F8184963
:104C1000086890B1A0420FD250F8042C8118A1422C
:104C20000146F5D154F8041C04461144026840F8CA
:104C3000041C104605E0D0BD0ED020600C6054F876
:104C4000041C621882420CD1026850F8040C08441B
:104C5000226044F8040C04E006490C2200F010F82D
:104C600042500248BDE8D04000F007B86C05002073
:104C7000600500200800000070477047D4D4D4D4E9
:104C8000014800687047000070050020D0B502AFF1
:104C90000C4A0146B1F1FF3F10680BDD0A4B1B1AAD
:104CA0008B420CD209490C22FFF7EAFF42504FF029
:104CB000FF30D0BD064B4C42C31AA342F2D301448D
:104CC0001160D0BD00000020082200200800000074
:104CD000082000200A460021FFF78BB8A0FB010145
:104CE00041B180B56F4604490C22FFF7C9FF42501D
:104CF000002080BDFFF728BF0800000080B582B00B
:104D0000019001980021C16101980162019881849C
:104D10000198C184019881620198C162019801865D
:104D200001984186019881860198C16301980164C8
:104D300001985830FFF74AFD02B080BD83B0029061
:104D4000029880680088C000ADF8020002980068F0
:104D5000B0F90000BDF90210484301900198C00B62
:104D60000299488302980068B0F90200BDF9021068
:104D7000484301900198C00B0299888303B07047A3
:104D800080B58EB01C20C4F202000190FDF722FD18
:104D900009A80490FDF73CFE0198049940F62E0204
:104DA000ADF82E201022ADF82C2040F66E32C2F263
:104DB00000020A92002208928DF833200123039307
:104DC0008DF8313043F6040CC4F2010CCDF808C064
:104DD000CDF824C08DF832208DF830208DF8353094
:104DE0008DF83420FDF72EFE0020C4F2020005905D
:104DF000022107911A22FDF779FD01980799089A77
:104E0000FDF74EFD3020C4F202000690FDF7E2FCF3
:104E10000498FDF7FDFDDDF808C0039B0499069892
:104E2000089A4FF00C0EADF82EE0ADF82C2041F6AC
:104E3000D03EC2F2000ECDF828E08DF833208DF878
:104E40003130CDF824C08DF832208DF830208DF827
:104E500035308DF83420FDF7F5FD05980321192232
:104E6000FDF744FD06980799089AFDF719FD0EB065
:104E700080BDD4D480B582B040F66832C2F2000260
:104E8000002010805080012191808DF80700FFE7FD
:104E90009DF80700092819DCFFE79DF8073040F26C
:104EA0004850C2F20000C25C40F66E31C2F200010E
:104EB000CA549DF80720805C114481F82E08FFE752
:104EC0009DF8070001308DF80700E1E740F66E31EC
:104ED000C2F20001FF2081F80A0841F2380288542A
:104EE0003020C4F202000121FDF7F2FC02B080BDC7
:104EF00080B584B043F60000C4F201001021FEF733
:104F000081FE002860D0FFE743F60000C4F20100F4
:104F10001021FEF78DFE3020C4F202000290002125
:104F2000FDF7D6FC0298FDF7B3FCC0F10C0040F68B
:104F30006831C2F20001088041F6D030C2F20000B0
:104F4000007841280ED0FFE70B208DF80F009DF868
:104F50000F2040F23670C2F20000E021082300F07A
:104F600095F925E041F6D030C2F2000040788DF886
:104F70000E0040F66830C2F200000188033941801B
:104F800040889DF80E10884203D1FFE700F01EF81C
:104F90000DE00C208DF80F009DF80F2040F23670C8
:104FA000C2F20000E021082300F070F9FFE7FFE7FC
:104FB0003020C4F2020001900C21FDF75FFC019843
:104FC0000121FDF785FCFFE704B080BD80B582B00C
:104FD00041F6D030C2F20000427840F22971C2F2AC
:104FE00000014A70807808700020ADF80600FFE7E5
:104FF000BDF8060040F22971C2F20001497801397A
:10500000884215DAFFE7BDF8062041F6D030C2F23B
:1050100000001044C07840F22971C2F2000111442E
:105020008870FFE7BDF806000130ADF80600DFE745
:10503000BDF8060041F6D031C2F200010844C17843
:1050400040F22970C2F200000090017300F038F8BD
:105050000099097B884223D1FFE740F2C961C2F27F
:1050600000010020087040F20650C2F200000078F3
:10507000102807DBFFE740F20651C2F200010120D1
:105080000870FFE740F22970C2F2000000F05EF8FD
:1050900040F20651C2F200010878013008700DE0BC
:1050A00009208DF805009DF8052040F23670C2F207
:1050B0000000E021082300F0E9F8FFE702B080BD1E
:1050C00083B0029000208DF80700ADF8040002982C
:1050D00008B9FFE736E002984178BDF804000844BB
:1050E000ADF8040002980178BDF804000844ADF85A
:1050F000040000208DF80300FFE79DF803000299EB
:1051000049780139884211DAFFE702989DF80310C7
:1051100008448178BDF804000844ADF80400FFE7B6
:105120009DF8030001308DF80300E6E7BDF80400A8
:105130008DF807009DF805109DF8070008448DF8CC
:105140000700FFE79DF8070003B0704780B586B001
:10515000059005980078013801460191052800F274
:1051600084800199DFE801F0030E18222C6A40F2D6
:105170003670C2F20000F02100224FF4807300F07C
:1051800085F880E0059880788DF812009DF812006F
:10519000059900F077F976E0059880788DF8110090
:1051A0009DF81100059900F02FFA6CE005988078C1
:1051B0008DF811009DF81100059901F055FA62E093
:1051C0000598817841F6DC30C2F200000170059943
:1051D000C97841F6DD32C2F2000200921170007807
:1051E000002101F08DFF014600988DF81010007825
:1051F000012101F085FF8DF80F009DF810009DF84A
:105200000F10084001280AD1FFE740F23670C2F2C1
:105210000000F02100231A4600F038F80DE00320CA
:105220008DF813009DF8132040F23670C2F2000092
:10523000E021082300F02AF8FFE724E041F6DC3003
:10524000C2F20000007841F6DD31C2F200010978B7
:1052500040EA01200290029A40F23670C2F2000049
:10526000F021102300F012F80DE001208DF813005A
:105270009DF8132040F23670C2F20000E0210823AE
:1052800000F004F8FFE706B080BDD4D480B588B044
:1052900007908DF81B100592ADF81230BDF8120082
:1052A000C008ADF810009DF81B0040F20651C2F294
:1052B00000010978084407990870BDF810000799A3
:1052C00048709DF8110007998870BDF812000146DA
:1052D0000291202830D80299DFE801F0112E2E2EFD
:1052E0002E2E2E2E122E2E2E2E2E2E2E162E2E2E12
:1052F0002E2E2E2E2E2E2E2E2E2E2E2E1E0048E040
:1053000005980799C87044E005980799C8700598F2
:10531000000A079908713CE005980799C87005983C
:10532000000A07990871BDF81600079948719DF8A1
:105330001700079988712CE000208DF80F00FFE717
:105340009DF80F1000201C2901900CDCFFE79DF850
:105350000F104AF65130C0F60000405C093818BF03
:1053600001200190FFE70198C00788B1FFE79DF891
:105370000F204AF65130C0F60000805C07991144B6
:10538000C870FFE79DF80F0001308DF80F00D7E7D8
:10539000FFE7079802F0A8FB079981F82700079814
:1053A00000F002F808B080BD83B002900020ADF894
:1053B0000600ADF8040002994878897840EA012097
:1053C0000330ADF80400FFE7BDF80600BDF8041097
:1053D00088424FDCFFE7BDF806000146009140B16E
:1053E000FFE7009801280ED0FFE70098022814D0AC
:1053F0001DE002980078BDF8062040F2CA61C2F2B2
:105400000001885430E002984078BDF8062040F250
:10541000CA61C2F20001885426E002988078BDF883
:10542000062040F2CA61C2F2000188541CE0BDF8B7
:105430000600BDF8041088420ADAFFE70298BDF8BA
:105440000620105C40F2CA61C2F2000188540AE0F2
:10545000029890F82700BDF8062040F2CA61C2F217
:1054600000018854FFE7FFE7BDF806000130ADF802
:105470000600A9E740F2C961C2F2000101200870EC
:1054800003B0704780B584B08DF80F0002919DF88D
:105490000F00013801460091072800F2A48000990E
:1054A000DFE801F0041423424E5D7D9740F2B361C2
:1054B000C2F200010120087040F23670C2F2000012
:1054C000F02100231A46FFF7E1FE9AE040F2B360B4
:1054D000C2F200000023037040F23670C2F20000F6
:1054E000F0211A46FFF7D2FE8BE040F2B460C2F220
:1054F0000000007801280DD1FFE740F29401C2F2CC
:1055000000010120887540F2B461C2F20001082058
:105510000870FFE740F23670C2F20000F02100236D
:105520001A46FFF7B3FE6CE002F016F840F2367050
:10553000C2F20000F02100231A46FFF7A7FE60E048
:1055400040F2B560C2F200000023037040F23670F2
:10555000C2F20000F0211A46FFF798FE51E040F237
:10556000B460C2F20000007801280ED1FFE740F2DB
:105570003821C2F20001012081F83D0040F2B461FF
:10558000C2F200010B200870FFE740F23670C2F251
:105590000000F02100231A46FFF778FE31E040F2C8
:1055A000B460C2F200000078012808D1FFE740F2A1
:1055B0000851C2F20001012081F83800FFE740F2F3
:1055C0003670C2F20000F02100231A46FFF75EFE9B
:1055D00017E040F23670C2F20000F02100231A46B4
:1055E000FFF754FE0DE006208DF807009DF8072018
:1055F00040F23670C2F20000E0210823FFF746FEB9
:10560000FFE704B080BDD4D480B586B08DF8170014
:1056100004919DF81700013801460191C82801F254
:1056200013800199DFE811F0C900DA00EB00FC00FB
:105630000E011F0130014101520163017401860115
:105640009801A901BA01CC01DE01F00101021202A8
:1056500024023602480259026A027C028E029B0230
:10566000A802B902CB02DD02EF02010313032503F6
:10567000370349035603630370037D038F03A103BC
:105680001008B303C403D603E803FA030C041E0492
:105690002F04400451046104710482049304A4049F
:1056A000B504C604D704E804F9040A051B052C0553
:1056B0003D054D055E056E057F059005A105B2050A
:1056C000C305D4051008E505FE05100818063206C6
:1056D000420652065E066A061008100810081008F6
:1056E0007B068C069D0610081008AE06BE06CF0687
:1056F000E006F106020712072207320742074E07AB
:105700001008100810081008100810085E076E072F
:105710007E078E079E07AE07BE07CE07DF0710087D
:1057200010081008100810081008100810081008B9
:1057300010081008100810081008100810081008A9
:105740001008100810081008100810081008100899
:105750001008100810081008100810081008100889
:105760001008100810081008100810081008100879
:105770001008100810081008100810081008100869
:105780001008100810081008100810081008100859
:105790001008100810081008100810081008100849
:1057A0001008100810081008100810081008100839
:1057B000100810081008F00700084FF60000C0F6A7
:1057C000030040680290029A40F23670C2F2000074
:1057D000F0211023FFF75AFD00F044BF4FF6000000
:1057E000C0F6030080680290029A40F23670C2F25E
:1057F0000000F0211023FFF749FD00F033BF4FF602
:105800000000C0F60300C0680290029A40F23670B1
:10581000C2F20000F0210823FFF738FD00F022BF9C
:1058200040F22270C2F20000B0F900000290029A29
:1058300040F23670C2F20000F0211023FFF726FD7F
:1058400000F010BF40F22470C2F200000088029005
:10585000029A40F23670C2F20000F0211023FFF7E6
:1058600015FD00F0FFBE40F22670C2F20000008875
:105870000290029A40F23670C2F20000F02110232A
:10588000FFF704FD00F0EEBE40F2B460C2F200008B
:1058900000780290029A40F23670C2F20000F021C5
:1058A0000823FFF7F3FC00F0DDBE40F23860C2F2DF
:1058B000000000780290029A40F23670C2F20000B6
:1058C000F0210823FFF7E2FC00F0CCBE40F2287084
:1058D000C2F2000000780290029A40F23670C2F2E2
:1058E0000000F0210823FFF7D1FC00F0BBBE40F21E
:1058F000A460C2F2000000680290029A40F2367082
:10590000C2F20000F0212023FFF7C0FC00F0AABE85
:1059100040F24460C2F20000B0F900000290029A26
:1059200040F23670C2F20000F0211023FFF7AEFC07
:1059300000F098BE40F24460C2F20000B0F90200EC
:105940000290029A40F23670C2F20000F021102359
:10595000FFF79CFC00F086BE40F24460C2F20000FB
:10596000008C0290029A40F23670C2F20000F021E0
:105970001023FFF78BFC00F075BE40F24460C2F2CA
:105980000000408C0290029A40F23670C2F2000091
:10599000F0211023FFF77AFC00F064BE40F24C00C7
:1059A000C2F20000B0F91E000290029A40F2367076
:1059B000C2F20000F0211023FFF768FC00F052BE95
:1059C00040F23810C2F20000B0F900000290029AD2
:1059D00040F23670C2F20000F0211023FFF756FCAF
:1059E00000F040BE40F23810C2F20000B0F90200F0
:1059F0000290029A40F23670C2F20000F0211023A9
:105A0000FFF744FC00F02EBE40F23810C2F2000056
:105A1000008C0290029A40F23670C2F20000F0212F
:105A20001023FFF733FC00F01DBE40F23810C2F225
:105A30000000408C0290029A40F23670C2F20000E0
:105A4000F0211023FFF722FC00F00CBE40F24C00C6
:105A5000C2F20000B0F920000290029A40F23670C3
:105A6000C2F20000F0211023FFF710FC00F0FABD95
:105A700040F26810C2F20000B0F900000290029AF1
:105A800040F23670C2F20000F0211023FFF7FEFB57
:105A900000F0E8BD40F26810C2F20000B0F9020068
:105AA0000290029A40F23670C2F20000F0211023F8
:105AB000FFF7ECFB00F0D6BD40F26810C2F2000028
:105AC000008C0290029A40F23670C2F20000F0217F
:105AD0001023FFF7DBFB00F0C5BD40F26810C2F2F7
:105AE0000000408C0290029A40F23670C2F2000030
:105AF000F0211023FFF7CAFB00F0B4BD40F2B660FE
:105B0000C2F20000B0F906000290029A40F236702C
:105B1000C2F20000F0211023FFF7B8FB00F0A2BD95
:105B200040F2B660C2F20000B0F904000290029A9E
:105B300040F23670C2F20000F0211023FFF7A6FBFE
:105B400000F090BD00200290029A40F23670C2F23E
:105B50000000F0211023FFF799FB00F083BD002027
:105B60000290029A40F23670C2F20000F021102337
:105B7000FFF78CFB00F076BD40F21470C2F200001B
:105B800000680290029A40F23670C2F20000F021E2
:105B90002023FFF77BFB00F065BD40F24C00C2F212
:105BA0000000B0F91A000290029A40F23670C2F278
:105BB0000000F0211023FFF769FB00F053BD40F215
:105BC0004C00C2F20000B0F91C000290029A40F2B0
:105BD0003670C2F20000F0211023FFF757FB00F0EF
:105BE00041BD4FF60000C0F60300D0F880000290DF
:105BF000029A40F23670C2F20000F0212023FFF733
:105C000045FB00F02FBD4FF60000C0F60300D0F8B2
:105C100084000290029A40F23670C2F20000F02135
:105C20002023FFF733FB00F01DBD40F2A460C2F259
:105C30000000B0F908000290029A40F23670C2F2F9
:105C40000000F0211023FFF721FB00F00BBD40F214
:105C5000A460C2F20000B0F90A000290029A40F279
:105C60003670C2F20000F0211023FFF70FFB00F0A6
:105C7000F9BC40F24460C2F20000B0F9100002909A
:105C8000029A40F23670C2F20000F0211023FFF7B2
:105C9000FDFA00F0E7BC40F24460C2F20000B0F947
:105CA00012000290029A40F23670C2F20000F02117
:105CB0001023FFF7EBFA00F0D5BC00200290029A07
:105CC00040F23670C2F20000F0211023FFF7DEFA36
:105CD00000F0C8BC00200290029A40F23670C2F276
:105CE0000000F0211023FFF7D1FA00F0BBBC002028
:105CF0000290029A40F23670C2F20000F0211023A6
:105D0000FFF7C4FA00F0AEBC00200290029A40F205
:105D10003670C2F20000F0211023FFF7B7FA00F04E
:105D2000A1BC40F2B810C2F20000B0F9000002902D
:105D3000029A40F23670C2F20000F0211023FFF701
:105D4000A5FA00F08FBC40F2B810C2F20000B0F922
:105D500002000290029A40F23670C2F20000F02176
:105D60001023FFF793FA00F07DBC40F2B810C2F2A6
:105D70000000B0F93E000290029A40F23670C2F282
:105D80000000F0211023FFF781FA00F06BBC40F215
:105D90002040C2F20000C0680290029A40F23670C1
:105DA000C2F20000F0211023FFF770FA00F05ABC95
:105DB00040F22040C2F20000B0F914000290029AB2
:105DC00040F23670C2F20000F0211023FFF75EFAB5
:105DD00000F048BC40F22040C2F20000B0F9580088
:105DE0000290029A40F23670C2F20000F0211023B5
:105DF000FFF74CFA00F036BC40F22040C2F200003F
:105E0000B0F95A000290029A40F23670C2F20000D5
:105E1000F0211023FFF73AFA00F024BC40F22040B2
:105E2000C2F20000B0F878000290029A40F2367098
:105E3000C2F20000F0211023FFF728FA00F012BC94
:105E400040F22040C2F20000B0F87A000290029ABC
:105E500040F23670C2F20000F0211023FFF716FA6C
:105E600000F000BC40F23A60C2F20000B0F9040059
:105E70000290029A40F23670C2F20000F021102324
:105E8000FFF704FAEEE340F23A60C2F2000090F944
:105E900002000290029A40F23670C2F20000F02135
:105EA0000823FFF7F3F9DDE340F29400C2F20000AB
:105EB000B0F944000290029A40F23670C2F200003B
:105EC000F0211023FFF7E2F9CCE340F29400C2F294
:105ED000000080680290029A40F23670C2F2000020
:105EE000F0212023FFF7D2F9BCE340F2B560C2F203
:105EF000000000780290029A40F23670C2F2000070
:105F0000F0210823FFF7C2F9ACE340F24C00C2F2E3
:105F10000000B0F90A000290029A40F23670C2F214
:105F20000000F0211023FFF7B1F99BE340F24C0091
:105F3000C2F20000B0F90C000290029A40F23670F2
:105F4000C2F20000F0211023FFF7A0F98AE340F22B
:105F50004C00C2F20000B0F90E000290029A40F22A
:105F60003670C2F20000F0211023FFF78FF979E3B9
:105F700040F24C00C2F20000B0F916000290029A02
:105F800040F23670C2F20000F0211023FFF77EF9D4
:105F900068E340F24C00C2F20000B0F91800029031
:105FA000029A40F23670C2F20000F0211023FFF78F
:105FB0006DF957E340F24C00C2F20000B0F9220044
:105FC0000290029A40F23670C2F20000F0211023D3
:105FD000FFF75CF946E340F24C00C2F20000B0F972
:105FE00024000290029A40F23670C2F20000F021C2
:105FF0001023FFF74BF935E340F22800C2F200000E
:10600000B0F904000290029A40F23670C2F2000029
:10601000F0211023FFF73AF924E340F22800C2F2FE
:106020000000B0F906000290029A40F23670C2F207
:106030000000F0211023FFF729F913E340F22800B4
:10604000C2F20000B0F900000290029A40F23670ED
:10605000C2F20000F0211023FFF718F902E340F22A
:106060002800C2F20000B0F902000290029A40F249
:106070003670C2F20000F0211023FFF707F9F1E2B9
:1060800040F20C70C2F20000B0F900000290029AD7
:1060900040F23670C2F20000F0211023FFF7F6F84C
:1060A000E0E240F21470C2F2000000680290029A2E
:1060B00040F23670C2F20000F0211023FFF7E6F83C
:1060C000D0E240F22040C2F20000B0F93400029069
:1060D000029A40F23670C2F20000F0211023FFF75E
:1060E000D5F8BFE240F22040C2F20000006C0290FE
:1060F000029A40F23670C2F20000F0211023FFF73E
:10610000C5F8AFE240F22040C2F20000B0F924002E
:106110000290029A40F23670C2F20000F021102381
:10612000FFF7B4F89EE240F22040C2F20000B0F95E
:1061300026000290029A40F23670C2F20000F0216E
:106140001023FFF7A3F88DE240F22040C2F20000D6
:10615000B0F930000290029A40F23670C2F20000AC
:10616000F0211023FFF792F87CE240F22040C2F2C7
:106170000000B0F932000290029A40F23670C2F28A
:106180000000F0211023FFF781F86BE240F22800B5
:10619000C2F20000B0F904000290029A40F2367098
:1061A000C2F20000F0211023FFF770F85AE240F22B
:1061B0002800C2F20000B0F906000290029A40F2F4
:1061C0003670C2F20000F0211023FFF75FF849E2B9
:1061D00040F20840C2F20000B0F900000290029ABA
:1061E00040F23670C2F20000F0211023FFF74EF8A3
:1061F00038E240F20841C2F20001C88840F20022B1
:10620000C2F2000212685043898890FBF1F00290BC
:10621000029A40F23670C2F20000F0211023FFF71C
:1062200035F81FE240F20840C2F2000080684FF4E7
:106230007A71484340F20021C2F200010968B0FBC4
:10624000F1F00290029A40F23670C2F20000F021A2
:106250001023FFF71BF805E240F20840C2F20000ED
:10626000C0684FF47A71484340F20021C2F2000145
:106270000968B0FBF1F00290029A40F23670C2F267
:106280000000F0211023FFF701F8EBE140F2B81015
:10629000C2F20000008C0290029A40F23670C2F204
:1062A0000000F0211023FEF7F1FFDBE140F2B8100F
:1062B000C2F20000408C0290029A40F23670C2F2A4
:1062C0000000F0211023FEF7E1FFCBE10020029057
:1062D000029A40F23670C2F20000F0211023FEF75D
:1062E000D5FFBFE100200290029A40F23670C2F260
:1062F0000000F0211023FEF7C9FFB3E140F208408F
:10630000C2F20000B0F910000290029A40F236701A
:10631000C2F20000F0211023FEF7B8FFA2E14FF611
:106320000000C0F60300D0F874010290029A40F217
:106330003670C2F20000F0212023FEF7A7FF91E1A2
:106340004FF60000C0F60300D0F878010290029AE0
:1063500040F23670C2F20000F0212023FEF796FFD3
:1063600080E14FF60000C0F60300D0F87C010290F7
:10637000029A40F23670C2F20000F0212023FEF7AC
:1063800085FF6FE140F20070C2F2000000680290E9
:10639000029A40F23670C2F20000F0212023FEF78C
:1063A00075FF5FE140F27460C2F20000B0F90000D6
:1063B0000290029A40F23670C2F20000F0211023DF
:1063C000FEF764FF4EE140F27460C2F20000B0F9E3
:1063D00026000290029A40F23670C2F20000F021CC
:1063E0001023FEF753FF3DE140F27460C2F200005B
:1063F000B0F928000290029A40F23670C2F2000012
:10640000F0211023FEF742FF2CE140F27460C2F24B
:106410000000B0F904000290029A40F23670C2F215
:106420000000F0211023FEF731FF1BE140F2746001
:10643000C2F20000008C0290029A40F23670C2F262
:106440000000F0211023FEF721FF0BE140F2746001
:10645000C2F20000408C0290029A40F23670C2F202
:106460000000F0211023FEF711FFFBE040F2746002
:10647000C2F20000808C0290029A40F23670C2F2A2
:106480000000F0211023FEF701FFEBE040F2007066
:10649000C2F2000080680290029A40F23670C2F2A6
:1064A0000000F0212023FEF7F1FEDBE00020029047
:1064B000029A40F23670C2F20000F0211023FEF77B
:1064C000E5FECFE040F29400C2F20000807D029031
:1064D000029A40F23670C2F20000F0211023FEF75B
:1064E000D5FEBFE040F2EE60C2F2000000880290EC
:1064F000029A40F23670C2F20000F0211023FEF73B
:10650000C5FEAFE040F2EE60C2F2000040880290AB
:10651000029A40F23670C2F20000F0211023FEF71A
:10652000B5FE9FE040F2EE60C2F20000808802906B
:10653000029A40F23670C2F20000F0211023FEF7FA
:10654000A5FE8FE040F2EE60C2F20000C08802902B
:10655000029A40F23670C2F20000F0211023FEF7DA
:1065600095FE7FE040F2EE60C2F2000000890290EA
:10657000029A40F23670C2F20000F0211023FEF7BA
:1065800085FE6FE040F2EE60C2F2000040890290AA
:10659000029A40F23670C2F20000F0211023FEF79A
:1065A00075FE5FE040F2EC00C2F20000007802905D
:1065B000029A40F23670C2F20000F0210823FEF782
:1065C00065FE4FE040F2EC00C2F2000090F93D00A1
:1065D0000290029A40F23670C2F20000F0210823C5
:1065E000FEF754FE3EE040F23820C2F2000090F880
:1065F0003D000290029A40F23670C2F20000F02193
:106600000823FEF743FE2DE040F23820C2F20000DE
:1066100040690290029A40F23670C2F20000F02106
:106620002023FEF733FE1DE040F23820C2F20000C6
:1066300080690290029A40F23670C2F20000F021A6
:106640002023FEF723FE0DE003208DF80F009DF8B8
:106650000F2040F23670C2F20000E0210823FEF75E
:1066600015FEFFE706B080BD80B586B08DF8170037
:1066700004919DF81700043801460191652800F245
:106680002E850199DFE811F066007B0090002B0554
:10669000A500B900CD00E200F7000C012101410185
:1066A0006D0181019501A901C901DD01F101050219
:1066B00019022B052B052B052B052B052B052B056F
:1066C0002B052B0539024D02610279022B052B05A2
:1066D0002B052B059402A802BC022B05D802ED0263
:1066E000010316032B0340036103750388032B0585
:1066F0002B052B052B052B052B052B052B052B051A
:106700002B052B052B052B052B052B052B052B0509
:106710002B052B052B052B05A103B503C9032B0561
:10672000DD03FA032B051B043C0450042B052B0549
:106730006B042B052B052B052B052B052B052B059A
:106740002B052B057F049304A704BB04CF04E304AB
:10675000F70417050498B0F803000290029840F27D
:106760002271C2F20001088040F23670C2F20000CD
:10677000F02100231A46FEF789FD00F0BEBC049804
:10678000B0F803000290029840F22471C2F20001B6
:10679000088040F23670C2F20000F02100231A4651
:1067A000FEF774FD00F0A9BC0498B0F80300029055
:1067B000029840F22671C2F20001088040F2367061
:1067C000C2F20000F02100231A46FEF75FFD00F040
:1067D00094BC0498C0780290029840F23961C2F2E9
:1067E0000001087040F23670C2F20000F021002370
:1067F0001A46FEF74BFD00F080BC0498C07802906A
:10680000029840F22871C2F20001087040F236701E
:10681000C2F20000F02100231A46FEF737FD00F017
:106820006CBC0498D0F803000290029840F2A46176
:10683000C2F20001086040F23670C2F20000F0219E
:1068400000231A46FEF722FD00F057BC0498B0F86A
:1068500003000290029840F24461C2F200010880F5
:1068600040F23670C2F20000F02100231A46FEF713
:106870000DFD00F042BC0498B0F8030002900298AD
:1068800040F24461C2F20001488040F23670C2F228
:106890000000F02100231A46FEF7F8FC00F02DBCA2
:1068A0000498B0F803000290029840F24461C2F2EA
:1068B0000001088440F23670C2F20000F02100238B
:1068C0001A46FEF7E3FC00F018BC0498B0F8030089
:1068D0000290029840F24461C2F200014884B1F98A
:1068E00010004A8C90408860B1F9120040424A8CF6
:1068F00090404042C86040F23670C2F20000F02181
:1069000000231A46FEF7C2FCF7E30499C878097918
:1069100040EA012000B20290029840F6CD41884240
:106920000EDBFFE705208DF80F009DF80F2040F2E9
:106930003670C2F20000E0210823FEF7A7FC0FE04A
:10694000029840F24C01C2F20001C88340F2367056
:10695000C2F20000F02100231A46FEF797FCFFE781
:10696000CBE30498B0F803000290029840F238118B
:10697000C2F20001088040F23670C2F20000F0213D
:1069800000231A46FEF782FCB7E30498B0F8030030
:106990000290029840F23811C2F20001488040F2A1
:1069A0003670C2F20000F02100231A46FEF76EFC9A
:1069B000A3E30498B0F803000290029840F2381163
:1069C000C2F20001088440F23670C2F20000F021E9
:1069D00000231A46FEF75AFC8FE30498B0F8030030
:1069E0000290029840F23811C2F200014884B1F9D5
:1069F00010004A8C90408860B1F9120040424A8CE5
:106A000090404042C86040F23670C2F20000F0216F
:106A100000231A46FEF73AFC6FE30498B0F803002F
:106A20000290029840F24C01C2F20001088440F248
:106A30003670C2F20000F02100231A46FEF726FC51
:106A40005BE30498B0F803000290029840F26811EA
:106A5000C2F20001088040F23670C2F20000F0215C
:106A600000231A46FEF712FC47E30498B0F803002F
:106A70000290029840F26811C2F20001488040F290
:106A80003670C2F20000F02100231A46FEF7FEFB2A
:106A900033E30498B0F803000290029840F26811C2
:106AA000C2F20001088440F23670C2F20000F02108
:106AB00000231A46FEF7EAFB1FE30498B0F8030030
:106AC0000290029840F26811C2F200014884B1F9C4
:106AD00010004A8C90408860B1F9120040424A8C04
:106AE00090404042C86040F23670C2F20000F0218F
:106AF00000231A46FEF7CAFBFFE20498B0F8030031
:106B00000290029840F2A461C2F20001088140F2B2
:106B10003670C2F20000F02100231A46FEF7B6FBE1
:106B2000EBE20498B0F803000290029840F2A461EE
:106B3000C2F20001488140F23670C2F20000F0213A
:106B400000231A46FEF7A2FBD7E20498B0F8030030
:106B50000290029840F24461C2F200010882029859
:106B60004A8C9040886040F23670C2F20000F021FA
:106B700000231A46FEF78AFBBFE20498B0F8030030
:106B80000290029840F24461C2F200014882B1F9D9
:106B9000120040424A8C90404042C86040F2367039
:106BA000C2F20000F02100231A46FEF76FFBA4E2B8
:106BB0000498B0F803000290029840F2B811C2F2B3
:106BC0000001088040F23670C2F20000F02100237C
:106BD0001A46FEF75BFB90E20498B0F803000290BF
:106BE000029840F2B811C2F20001488040F23670BB
:106BF000C2F20000F02100231A46FEF747FB7CE2B8
:106C00000498B0F803000290029840F2B811C2F262
:106C10000001C88702984042488202984A8C9040FE
:106C20004042C86040F23670C2F20000F0210023FA
:106C30001A46FEF72BFB60E20498B0F803000290BE
:106C4000BDF9080040F22041C2F20001C86040F2E4
:106C50003670C2F20000F02100231A46FEF716FB40
:106C60004BE20498B0F803000290029840F22041F1
:106C7000C2F20001888240F23670C2F20000F021B8
:106C800000231A46FEF702FB37E20498B0F803002F
:106C90000290029840F22041C2F20001A1F858008F
:106CA00040F23670C2F20000F02100231A46FEF7CF
:106CB000EDFA22E20498B0F803000290029840F244
:106CC0002041C2F20001A1F85A0040F23670C2F22F
:106CD0000000F02100231A46FEF7D8FA0DE20498CE
:106CE000B0F803000290029840F22041C2F2000185
:106CF000A1F8780040F23670C2F20000F0210023C3
:106D00001A46FEF7C3FAF8E10498B0F803000290BF
:106D1000029840F22041C2F20001A1F87A00B1F8D5
:106D20007A2047F6FF7000FA02F20A66B1F87A207C
:106D300090404042486640F23670C2F20000F021B6
:106D400000231A46FEF7A2FAD7E10498B0F8030030
:106D50000290029840F23A61C2F20001888040F24B
:106D60003670C2F20000F02100231A46FEF78EFAB8
:106D7000C3E10498C0780290029840F23A61C2F2EE
:106D80000001887040F23670C2F20000F02100234A
:106D90001A46FEF77BFAB0E10498B0F803000290BF
:106DA000029840F29401C2F20001A1F84400029856
:106DB0004000A1F8460040F23670C2F20000F02117
:106DC00000231A46FEF762FA97E10498B0F8030030
:106DD0000290029840F22801C2F20001888040F23D
:106DE0003670C2F20000F02100231A46FEF74EFA78
:106DF00083E10498B0F803000290029840F2280161
:106E0000C2F20001C88040F23670C2F20000F021E8
:106E100000231A46FEF73AFA6FE10498B0F803002F
:106E20000290029840F20841C2F20001088040F24C
:106E30003670C2F20000F02100231A46FEF726FA4F
:106E40005BE10498B0F80300029040F20841C2F2FE
:106E50000001C88840F20022C2F2000212685043CA
:106E6000029AB0FBF2F0888040F23670C2F2000065
:106E7000F02100231A46FEF709FA3EE10498B0F823
:106E800003000290029840F20021C2F2000109685A
:106E9000484344F6D351C1F26201A0FB01108009BE
:106EA00040F20841C2F20001886040F23670C2F23E
:106EB0000000F02100231A46FEF7E8F91DE10498CE
:106EC000B0F803000290029840F20021C2F20001E3
:106ED0000968484344F6D351C1F26201A0FB011096
:106EE000800940F20841C2F20001C86040F23670E9
:106EF000C2F20000F02100231A46FEF7C7F9FCE0B9
:106F00000498B0F803000290029840F2B811C2F25F
:106F10000001088440F23670C2F20000F021002324
:106F20001A46FEF7B3F9E8E00498B0F803000290BF
:106F3000029840F2B811C2F200014884B1F912007F
:106F400040424A8C90404042C86040F23670C2F2E3
:106F50000000F02100231A46FEF798F9CDE00498CE
:106F6000B0F803000290029840F20841C2F200011A
:106F7000088240F23670C2F20000F02100231A4667
:106F8000FEF784F9FFE70498D0F803000290029816
:106F900040F20071C2F20001086040F23670C2F2A5
:106FA0000000F02100231A46FEF770F9A5E00498CE
:106FB000B0F803000290029840F27461C2F200013E
:106FC000088040F23670C2F20000F02100231A4619
:106FD000FEF75CF991E00498B0F803000290029883
:106FE00040F27461C2F20001C88440F23670C2F20D
:106FF0000000F02100231A46FEF748F97DE00498CE
:10700000B0F803000290029840F27461C2F20001ED
:10701000088540F23670C2F20000F02100231A46C3
:10702000FEF734F969E00498B0F803000290029882
:1070300040F27461C2F20001888040F23670C2F200
:107040000000F02100231A46FEF720F955E00498CD
:10705000B0F803000290029840F27461C2F200019D
:10706000088440F23670C2F20000F02100231A4674
:10707000FEF70CF941E00498B0F803000290029882
:1070800040F27461C2F200014884B1F910004A8CE8
:1070900090408860B1F9120040424A8C90404042D2
:1070A000C86040F23670C2F20000F02100231A4698
:1070B000FEF7ECF821E00498B0F803000290029883
:1070C00040F27461C2F20001888440F23670C2F26C
:1070D0000000F02100231A46FEF7D8F80DE0032047
:1070E0008DF80F009DF80F2040F23670C2F20000BC
:1070F000E0210823FEF7CAF8FFE706B080BDD4D42C
:1071000080B582B08DF806008DF805109DF8060058
:107110000F3801460091522800F204820099DFE8FE
:1071200011F053000102010201020102610001029B
:107130000102010201026F007D0001020102010251
:107140008B00990001020102010201020102010209
:107150000102010201020102010201020102010217
:107160000102010201020102010201020102010207
:10717000010201020102A700B500C300D100DF0037
:10718000ED00FB00090117012501320140014D010D
:107190005A016801760184019201A00101020102F5
:1071A00001020102010201020102010201020102C7
:1071B000010201020102AE01BC01C901D7010102B5
:1071C00001020102E501F3019DF8052040F2607122
:1071D000C2F2000140F24C00C2F200001E3041F841
:1071E0002200B0E19DF8052040F26071C2F200017A
:1071F00040F24C00C2F20000203041F82200A2E12F
:107200009DF8052040F26071C2F2000140F2B660C4
:10721000C2F20000063041F8220094E19DF80520FA
:1072200040F26071C2F2000140F2B660C2F20000AA
:10723000043041F8220086E19DF8052040F260719B
:10724000C2F2000140F24C00C2F200001A3041F8D4
:10725000220078E19DF8052040F26071C2F2000141
:1072600040F24C00C2F200001C3041F822006AE1FA
:107270009DF8052040F26071C2F2000140F24C001E
:10728000C2F200000A3041F822005CE19DF80520BE
:1072900040F26071C2F2000140F24C00C2F2000004
:1072A0000C3041F822004EE19DF8052040F260715B
:1072B000C2F2000140F24C00C2F200000E3041F870
:1072C000220040E19DF8052040F26071C2F2000109
:1072D00040F24C00C2F20000163041F8220032E1C8
:1072E0009DF8052040F26071C2F2000140F24C00AE
:1072F000C2F20000183041F8220024E19DF8052078
:1073000040F26071C2F2000140F24C00C2F2000093
:10731000223041F8220016E19DF8052040F260710C
:10732000C2F2000140F24C00C2F20000243041F8E9
:10733000220008E19DF8052040F26071C2F20001D0
:1073400040F22800C2F20000043041F82200FAE0C6
:107350009DF8052040F26071C2F2000140F2280061
:10736000C2F20000063041F82200ECE09DF8052052
:1073700040F26071C2F2000140F22800C2F2000047
:1073800041F82200DFE09DF8052040F26071C2F272
:10739000000140F22800C2F20000023041F8220051
:1073A000D1E09DF8052040F26071C2F2000140F288
:1073B0000C70C2F2000041F82200C4E09DF80520E4
:1073C00040F26071C2F2000140F21470C2F200009B
:1073D00041F82200B7E09DF8052040F26071C2F24A
:1073E000000140F22040C2F20000343041F8220097
:1073F000A9E09DF8052040F26071C2F2000140F260
:107400002040C2F20000403041F822009BE09DF88D
:10741000052040F26071C2F2000140F22040C2F249
:107420000000243041F822008DE09DF8052040F254
:107430006071C2F2000140F22040C2F2000026302A
:1074400041F822007FE09DF8052040F26071C2F211
:10745000000140F22040C2F20000303041F822002A
:1074600071E09DF8052040F26071C2F2000140F227
:107470002040C2F20000323041F8220063E09DF863
:10748000052040F26071C2F2000140F2B660C2F223
:107490000000023041F8220055E09DF8052040F23E
:1074A0006071C2F2000140F2B660C2F2000041F821
:1074B000220048E09DF8052040F26071C2F2000110
:1074C00040F2B660C2F200000C3041F822003AE00F
:1074D0009DF8052040F26071C2F2000140F2B660F2
:1074E000C2F200000E3041F822002CE09DF8052089
:1074F00040F26071C2F2000140F2B660C2F20000D8
:107500000A3041F822001EE09DF8052040F260712B
:10751000C2F2000140F2B660C2F20000083041F849
:10752000220010E003208DF804009DF8042040F2B2
:107530003670C2F20000E0210823FDF7A7FE00200C
:107540008DF8070003E001208DF80700FFE79DF8A4
:10755000070002B080BDD4D4B0B540F26871C2F269
:1075600000010020086041F288324A603F228A60B0
:1075700040F2FE62C2F200021278CA6040F2227249
:10758000C2F20002B2F900200A6140F22472C2F293
:10759000000212884A6140F22672C2F2000212888A
:1075A0008A6140F2B462C2F200021278CA610862D3
:1075B00040F22872C2F2000212784A6240F2A463DA
:1075C000C2F200031A688A6240F24462C2F2000208
:1075D000B2F900C0C1F82CC0B2F902C0C1F830C085
:1075E000B2F820C0C1F834C0B2F822C0C1F838C027
:1075F00040F24C0CC2F2000CBCF91EE0C1F83CE0B9
:10760000BCF920E0C1F850E040F23814C2F20004A6
:10761000B4F900E0C1F840E0B4F902E0C1F844E098
:10762000B4F820E0C1F848E0B4F822E0C1F84CE03A
:1076300040F2681EC2F2000EBEF900504D65B4F96A
:1076400002408C65BEF82040CC65BEF822E0C1F84F
:1076500060E048668866C866086740F2147EC2F239
:10766000000EDEF800E0C1F874E0BCF91AE0C1F8E1
:1076700078E0BCF91CC0C1F87CC041F2707CC1F854
:1076800080C04FF0C80CC1F884C0B3F908C0C1F87D
:1076900088C0B3F90A30C1F88C30B2F91030C1F8A3
:1076A0009030B2F91220C1F89420C1F89800C1F8C6
:1076B0009C00C1F8A000C1F8A40040F2B813C2F2C7
:1076C0000003B3F90020C1F8A820B3F90220C1F8E3
:1076D000AC20B3F93E20C1F8B02040F22042C2F203
:1076E0000002D2F80CC0C1F8B8C0B2F914C0C1F899
:1076F000BCC0B2F958C0C1F8C0C0B2F95AC0C1F894
:10770000C4C0B2F878C0C1F8C8C0B2F87A20C1F8D5
:10771000CC2040F23A62C2F20002B2F904C0C1F8D1
:10772000D0C092F90220C1F8D42040F29402C2F2F3
:107730000002B2F94420C1F8D820C1F8E000C1F835
:10774000E400C1F8E800C1F8EC00C1F8F000C1F8AD
:10775000F400C1F8F800C1F8FC00C1F80001C1F85C
:107760000401C1F80801C1F80C01C1F81001C1F809
:107770001401C1F81801C1F81C01C1F82001C1F8B9
:107780002401C1F82801C1F82C0140F22802C2F2FC
:107790000002B2F904C0C1F830C1B2F90620C1F844
:1077A000342140F20842C2F20002B2F900C0C1F82E
:1077B00038C1B2F806C040F2002EC2F2000EDEF868
:1077C00000400CFB04FC9488BCFBF4FC1FFA8CFC0E
:1077D000C1F840C1D2F808C04FF47A740CFB04FC25
:1077E000DEF800509CFBF5FCC1F844C1D2F80CC097
:1077F0000CFB04FCDEF800E09CFBFEFCC1F84CC175
:10780000B3F820C0C1F850C15B8CC1F85431C1F845
:107810005801C1F85C01B2F91020C1F86021C1F82B
:107820006401C1F86801C1F86C01C1F870014FF43E
:107830007A62C1F8742147F64062C0F20502C1F8CD
:10784000782148F2C012CFF6FA72C1F87C21C1F853
:107850008001C1F8840140F20070C2F200000268A9
:10786000C1F8882140F27462C2F20002B2F900301D
:10787000C1F88C31B2F92630C1F89031B2F9283014
:10788000C1F89431B2F90430C1F89831138CC1F8C1
:107890009C31538CC1F8A031928CC1F8A42180682E
:1078A000C1F8A80140F2EE60C2F200000288C1F8FF
:1078B000CC214288C1F8D0218288C1F8D421C28865
:1078C000C1F8D8210289C1F8DC214089C1F8E00162
:1078D00040F2EC00C2F2000090F93D20C1F8E8212E
:1078E00090F84A00C1F8F00140F23820C2F20000DE
:1078F00090F83D20C1F8EC214269C1F8202380694D
:10790000C1F824034FF60040C0F600004FF4807227
:1079100000F002F8B0BDD4D480B588B007900691CD
:10792000ADF81620FBF75AFA079800F1784004905A
:107930000498800A03900498C0F38700ADF80A0009
:10794000BDF80A00C0F58070ADF80800BDF816005B
:10795000BDF80810884205DCFFE7BDF81600ADF859
:107960000800FFE7FFE70020ADF80600FFE7BDF8DD
:107970000600BDF80810884216DAFFE7BDF80A00D5
:10798000BDF80610014441F6E030C2F2000050F8A4
:107990002100013008B1FFE706E0FFE7BDF806006F
:1079A0000130ADF80600E2E7BDF80600BDF80810AA
:1079B000884235DAFFE703994FF0006000EB812041
:1079C000FBF726FA0020ADF80600FFE7BDF8060039
:1079D000BDF80810884215DAFFE70698BDF80610D2
:1079E00050F82100BDF80A200A4441F6E031C2F205
:1079F000000141F82200FFE7BDF806000130ADF8B4
:107A00000600E3E703994FF0006000EB812041F6A8
:107A1000E031C2F200014FF4807200F03FF806E05E
:107A200007980699BDF8082000F038F8FFE7BDF880
:107A30001600BDF80810884201D1FFE72AE003983C
:107A4000013003900020ADF80A00BDF80810069838
:107A500000EB81000690BDF80810079800EB81004C
:107A60000790BDF80810BDF81600401AADF81600D2
:107A7000BDF81600B0F5807F05DDFFE74FF480709C
:107A8000ADF8080004E0BDF81600ADF80800FFE707
:107A9000FFE768E7FBF7B2F908B080BD80B584B0B6
:107AA00003900291ADF806200020ADF80400FFE736
:107AB000BDF80400BDF80610884212DAFFE703980B
:107AC0000299BDF8042051F82210FBF7FFF9039842
:107AD00004300390FFE7BDF804000130ADF8040066
:107AE000E6E704B080BDD4D483B0029000208DF8C6
:107AF00007008DF80600ADF80400ADF8020002980A
:107B000008B9FFE743E002994878897840EA012004
:107B1000ADF8020002984178BDF804000844ADF8C1
:107B2000040002988178BDF804000844ADF8040010
:107B300002980178BDF804000844ADF80400002064
:107B40008DF80600FFE79DF80600BDF80210884298
:107B500011DAFFE702989DF806100844C178BDF8D5
:107B600004000844ADF80400FFE79DF8060001306A
:107B70008DF80600E7E7BDF804008DF807009DF8D2
:107B800005109DF8070008448DF80700FFE79DF8F1
:107B9000070003B07047D4D480B582B00021ADF89F
:107BA00006101C20C4F20200FAF792FE40F2C860F0
:107BB000C2F20000007840F66E32C2F2000240F6D7
:107BC0002E0110FB01202821C4F20201086040F2BE
:107BD000C960C2F20000007820B3FFE7FFE7BDF9FB
:107BE000060023281DDCFFE7BDF9061040F2CA603D
:107BF000C2F20000405C40F2C862C2F20002127899
:107C000040F66E3CC2F2000C40F62E0312FB03C29B
:107C1000114481F80A08BDF806000130ADF80600ED
:107C2000DDE7FFE71C20C4F20200009040F62E01C1
:107C3000FAF724FE00980121FAF74AFE02B080BD4F
:107C400070B582B040F26071C2F200010868B0F80D
:107C500000E040F2C862C2F20002107840F66E3CCA
:107C6000C2F2000C40F62E0310FB03C440F2045095
:107C7000C2F20000019005886E1C068004F805E041
:107C8000D1F800E09EF801E0147814FB03C40588E5
:107C90006E1C068004F805E0D1F804E0BEF800E0B0
:107CA000147814FB03C405886E1C068004F805E0F4
:107CB00049684978127812FB03C2038803F1010C6A
:107CC000A0F800C0D154008840F60901884211DBB9
:107CD000FFE7FFF761FF40F2C861C2F200010878D8
:107CE00080F00100087040F20451C2F200010A2045
:107CF0000880FFE702B070BD80B586B0002001901B
:107D0000ADF8140004900390029041F6CA31C2F21B
:107D10000001087040F2A461C2F2000108604860EE
:107D200040F24C02C2F20002BDF81410D181049955
:107D3000C2F80A10BDF814109182049911610299D9
:107D4000C2F816100399C2F81A100399C2F822104B
:107D50000399C2F81E1040F22802C2F200020399F1
:107D600051600299116040F26811C2F2000148614D
:107D700040F23811C2F20001486140F24461C2F29F
:107D80000001486140F27461C2F20001486140F2B2
:107D90009A10C2F20000418A0180418A4180418AE2
:107DA0008180418AC180418A0181418A4181418A21
:107DB00042F63442C4F201021160418A42F638426E
:107DC000C4F201021160408A42F63C41C4F2010152
:107DD000086040F22040C2F20000FCF78FFF0198DB
:107DE00040F20841C2F200014875887540F2002156
:107DF000C2F200014861086106B080BDD4D4D4D479
:107E000080B52DED028B92B040F20020C2F200004E
:107E1000FCF7A6FD40F22041C2F2000111910A6870
:107E2000486892ED000AB1EE400A90ED001A9FED0D
:107E3000982A8DED012A21EE021A80EE010AB6EE93
:107E4000001A8DED021A20EE012AB0EE081A8DED0F
:107E5000031A80EE013AB5EE001A8DED041A20EEF9
:107E6000014AB1EE041A8DED051A80EE015AB1EE09
:107E7000081A8DED061A80EE016AB1EE0C1A8DED2E
:107E8000071A80EE017AB4EE001A8DED081A60EE42
:107E9000010AB2EE021A8DED091AC0EE011AB2EE15
:107EA000041A8DED0A1AC0EE012AB7EE001A8DED04
:107EB0000B1A72EE812A61EEA21A71EE811A60EE3F
:107EC000A10A70EE810A27EE207A37EE017A26EEBB
:107ED000076A36EE016A25EE065A35EE015A24EE9F
:107EE000054A34EE014A23EE043A33EE013A22EE1B
:107EF000032A32EE012A20EE020A30EE010A9FED3B
:107F0000651A20EE010ABDEEC00A10EE100A0881C3
:107F1000086849680C9190ED001A8DED001A9FEDEC
:107F20005E0A80EE010A10EE100A02F033F99DEDB0
:107F3000000ADDED014A9DED022A9DED033A9DED1B
:107F4000044A9DED055A9DED066A9DED077ADDED2B
:107F5000080ADDED091ADDED0A2A9DED0B1A02462D
:107F60000C980D920A460D9942EC181B8DED0E8B64
:107F7000B1EE400AD0ED003A63EEA43A80EE230A57
:107F800020EE022A80EE033A20EE044A80EE055AE3
:107F900080EE066A80EE077A60EE200AC0EE211AB3
:107FA000C0EE222A72EE812A61EEA21A71EE811AC7
:107FB00060EEA10A70EE810A27EE207A37EE017A90
:107FC00026EE076A36EE016A25EE065A35EE015AAC
:107FD00024EE054A34EE014A23EE043A33EE013A28
:107FE00022EE032A32EE012A20EE020A30EE010AC6
:107FF00010EE100A02F0CEF841EC100B53EC102BEF
:108000009FED1F0B51EC100B02F0E8FB9DED0E0BEA
:1080100041EC110B53EC112B51EC100B02F0D4FB83
:1080200041EC100B51EC100B9FED170B53EC102B88
:1080300002F0CAFB41EC100B51EC100B02F0E8F817
:10804000119908610A20FCF72BFC40F21871C2F26A
:108050000001086040F2B161C2F200010020087026
:1080600000F01CF8FFF748FE40F2B661C2F20001D2
:108070000120087412B0BDEC028B80BD00BF00BFB0
:10808000000000000000F03F00000000C0FFDF40E3
:1080900000007A4600FEFF46CF253D3F80B542F600
:1080A0000040C4F201000021FBF764FC80BDD4D481
:1080B00080B586B042F60040C4F201000490002270
:1080C00001921146FBF714FB019A049802210291D8
:1080D000FBF70EFB019A049804210591FBF708FBBE
:1080E0000120FCF733F90199049840F29A12C2F288
:1080F00000020392528AFBF7FBFA0299039A049852
:10810000528AFBF7F5FA039A04980599528AFBF70D
:10811000EFFA06B080BDD4D480B542F60040C4F278
:1081200001000121FBF774F980BDD4D480B542F67B
:108130000040C4F201000021FBF76AF980BDD4D4ED
:1081400080B582B040F24C00C2F2000001900321E1
:10815000FCF7D6F90146019840F2B062C2F2000283
:108160001170006B0421FAF735F80198006B80213B
:108170000122F9F7B7FD02B080BDD4D440F22070DF
:10818000C2F20000018801310180028840F22470AF
:10819000C2F200000188B2FBF1F000FB112038B9F7
:1081A000FFE740F22071C2F2000100200880FFE7E3
:1081B00040F22070C2F20000008840F22671C2F244
:1081C0000001098888421FDAFFE740F23860C2F2F6
:1081D0000000007802280BD1FFE740F22270C2F2C3
:1081E0000000008840F24C01C2F2000108840AE05D
:1081F00040F22270C2F20000008840F24C01C2F24C
:108200000001C883FFE716E040F23860C2F20000C8
:108210000078022807D1FFE740F24C01C2F20001CA
:108220000020088406E040F24C01C2F20001002068
:10823000C883FFE7FFE7704780B542F20040C4F211
:1082400001000121F9F76EFF80BDD4D480B540F262
:108250002800C2F2000040F29A11C2F2000100F0C0
:108260001BFA80BD80B582B040F29A10C2F20000C5
:108270000090B0F9062042F60040C4F201000190DF
:108280000021FBF735FA00990198B1F90820022185
:10829000FBF72EFA00990198B1F90A200421FBF7A7
:1082A00027FA02B080BDD4D4002103E00B4B5B5809
:1082B0004350091D0A480B4B42189A42F6D30A4A0A
:1082C00002E0002342F8043B084B9A42F9D3F9F745
:1082D0008DFB00F00FF8F7F793FF704798AF000899
:1082E000000000205405002060050020042000202C
:1082F000FEE7D4D4B0B502AF0B4C0C48001B851080
:108300001DB101CC8047013DFAE7094808B100F0F2
:1083100000F8084C0848001B85101DB101CC8047AF
:10832000013DFAE7B0BD00BF98AF000898AF000864
:108330000000000098AF000898AF00080C4BD3F87D
:10834000F337DBB2023B162B0DD8DFE803F00E0C3F
:108350000E0E0C0E0E0E0C0C0C0E0E0E0C0C0E0C4B
:108360000C0C0C0C0E00002070470120704700BF61
:1083700000F0FF1F014B187B704700BF00F8030897
:1083800070B5FFF7DBFF0028FDD08D4B19698D4AD2
:10839000118059698C4A118099698C4A1180D96978
:1083A0008B4A1170196A8B4A1170596A8A4A117086
:1083B00000258A4A15608A4AD96A1180196B518052
:1083C000596B11849C6B5484D3F890001082D3F8BD
:1083D00094105182A0409060A140D160814AD58321
:1083E000814A196C1180596C5180996C1184DB6C35
:1083F00053847E49B1F9141001FA03F393607C4A67
:108400001278032A14BF5B420023774AD36000200E
:10841000744B1884774A6A4B5C6D14809C6D548051
:10842000DC6D14841C6E5484704DB5F91650A54053
:108430009560A1404942D160684AD3F88810118103
:10844000D3F88C1051816C4AD3F8A8101180D3F85E
:10845000AC105180D3F8B010D1874C425482D3F87D
:1084600050411484D3F854415484A1404942D1600E
:10847000624AB3F9B810D160D3F8BC109182D3F836
:10848000C010A2F85810D3F8C410A2F85A10D3F8AC
:10849000C810A2F87810D3F8CC40A2F87A4047F67A
:1084A000FF71A140116649425166554AD3F8D01078
:1084B0009180D3F8D4109170D3F8D820514DA5F8FD
:1084C00044205200A5F84620D3F8DC20AA60D3F857
:1084D000B021AA75D3F8E0104B4A11704B4CD3F879
:1084E000382122804A4A1268E18802FB01F1D3F860
:1084F0004061B1FBF6F1A180D3F8441102FB01F118
:10850000444EA6FB01C18909A160D3F84C1101FBBF
:1085100002F2A6FB02129209E260D3F860212282E5
:10852000D3F87421AA623C4A10603C4AD3F88C11FB
:108530001180B3F990115180D184D3F89411118531
:10854000D3F898119180D3F89C111184D3F8A0012D
:108550005084D3F8A4119184D3F8801011824C4236
:108560005482814091604942D1602D49D3F8E8217D
:1085700081F83D202B4AD3F8CC011080D3F8D001EC
:108580005080D3F8D4019080D3F8D801D080D3F8AC
:10859000DC011081D3F8E0015081D3F8F02181F89B
:1085A0004A20214AD3F8EC3182F83D301F4B19683C
:1085B00051615B689361D1611362012070BD00BF9E
:1085C00000F80308220700202407002026070020C7
:1085D000B40600203906002028070020A406002049
:1085E000440600204C000020380100202800002014
:1085F000FE06002068010020B801002020040020B1
:108600003A06002094000020B5060020080400204F
:1086100000020020D34D62100007002074060020E5
:10862000EC000020EE0600203802002020FB0308AA
:108630008161B0F90220436901FB02334361826822
:10864000934224DD4261B0F9003001FB03F3028C58
:108650001341B0F822C0426942FA0CF21344C269D5
:108660008A1AB0F904C00CFB02F2B0F824C042FA36
:108670000CF21344C362B0F910209A4204DBB0F943
:1086800012209A42B8BF1A46C16110B27047C26840
:108690009342B8BF4261D6E72DE9F0410446B0F9F4
:1086A000022050424610B4F9003046F6D96C0CFB5B
:1086B00003FC931003EB2C439DB29C46C0F34F0286
:1086C000C2F1000E1FFA8EFEAEEB05031FFA83F80F
:1086D0001BB2184603FB06F7002F0CDB5EB1A8EBBC
:1086E000020213B26A4215B2002EB4BF0022032266
:1086F000227660461BE000FB0CF000280DDB63B126
:1087000002EB450000B20FFA8EFE002BCCBF012316
:10871000042323763546734609E0A81800B2521B9D
:1087200015B2BCF1000FB4BF022205222276B1F8C7
:1087300014C04A8A0CFB00F002EB204000B2088013
:10874000C8800CFB03F302EB23431BB24B800B816D
:108750000CFB05FC02EB2C4212B28A804A81BDE878
:10876000F081D4D410B582B047F6FF73ADF8043071
:1087700045F68223ADF80630B0F5803F03DA0023DA
:108780000B8002B010BD002340001AB20133002854
:10879000FADC400C174B00FB03F347F2C00C0CEB68
:1087A000234C02F0010302AC04EB430333F9043C15
:1087B0004FEAE37E104C00FB0C40C41703FB04F4AB
:1087C00000FB0E44A3FB0030204452101E3214B2B2
:1087D000C2F12002B4F1200C23FA04F300FA02F2F1
:1087E00043EA02035CBF40FA0CFC43EA0C030B8033
:1087F000C7E700BF46CDFFFF7C2C4E1410B582B0FA
:108800000C46B0F90630006903FB13030DF10601B5
:108810005800FFF7A7FFBDF9063023825A42628253
:10882000628C9340A3605B42E36002B010BD10B560
:1088300082B00446B0F90430B0F9060000FB00F045
:1088400003FB0303E3602269934201DC02B010BD25
:10885000101A0DF106014000FFF784FFB4F904304F
:10886000002BBDF80630B8BF5B42A380EEE7D4D43E
:10887000034690F91420012A0FBFB0F91020028A94
:10888000524212B20A8000224A801C49B1F90020EB
:10889000501C088099888A422EDD194AB2F90020BE
:1088A000B3F90010914220DDD9880A4414490A80A6
:1088B00014490A8801320A800020104A00211180E0
:1088C00093F91420012A5A880E4909880CBF5218BE
:1088D000521A12B25A80002ABCBFA2F5004212B24C
:1088E0005A8208B100225A807047054A002111803F
:1088F0000120044A1080E0E70020E1E7EA1F0020A1
:108900000020002052050020F8B505460C4616460A
:10891000B0F9340001F034F80746B5F9340001F03D
:108920000DF800FB04F4E41307FB06F1C913AB6B6D
:1089300093F90030B3F1FF3F214418BF494209B217
:1089400005F15800FFF774FEF8BDD4D42DE9F04FBF
:108950002DED028B91B004468E46B0F93430019370
:10896000B0F92410B0F908B04FEAEB730293CDF8D8
:1089700028B04FEAE17C01FB03F20BFB0C22A1FBC8
:108980000B3C6244C6680396F017074604903546D0
:108990000B96CDF800E0DEF80400B0F90000401AB4
:1089A0004100C01706FB00FC01FB07C6A5FB015CEC
:1089B000B444ED1842EB0C0C26694FEAE6790C96AC
:1089C000BEF91A304FEAE37E03FB09F206FB0E22E2
:1089D000A3FB06E31A441EEB050542EB0C02B4F9B7
:1089E00030304FEAE37E03FB09FC06FB0ECCA3FB11
:1089F000063EF444EB1A62EB0C0C864A93427CF17F
:108A0000FF32BCBF834B4FF0FF3C1D46B3F1804F9C
:108A10007CF10003A8BF6FF04045ED0BA584B4F9CD
:108A200014200592D51706950D92A36A01FB05F552
:108A300002FB0055A1FB02A0054413EB0A0A45EB1B
:108A4000E375B4F932100791C81708900E91724B74
:108A5000B3F900804FEAE8730993CDF83C8094EDB8
:108A6000068A01FB03F308FB0033A1FB080119444C
:108A700001F06AFC07EE900A67EE887A17EE900A1A
:108A800001F0F2FBBAEB000065EB0101614B98428B
:108A900071F1FF33BCBF5F484FF0FF310546B0F1C5
:108AA000804F71F10003A8BF6FF04045A56245F308
:108AB000CF352586B4F92630DA17029903FB01F188
:108AC0000BFB02120A99A3FB01B11144009F7A68C3
:108AD000B2F90220D31A4FEA430ADB170093D446B7
:108AE000039803FB00F0049B0AFB03000B9BA3FB12
:108AF0000A2E704412EB0B0241EB0000B7F91C7018
:108B00004FEAE77E07FB09F106FB0E110C9BA7FB62
:108B1000037E7144BA1841EB0001089F06FB07F77A
:108B20003E46079F07FB096918460E9BA0FB037092
:108B30008144D71B61EB0900364A974270F1FF333D
:108B4000BCBF17464FF0FF303A46B7F1804F70F187
:108B50000003A8BF6FF04042D20BE284E26A059B9B
:108B6000009903FB01F10B4606990AFB013A0D9BA4
:108B7000A3FB0C6CE24496194AEBE27AEB170999D5
:108B800005FB01F108FB03180F9BA5FB0301414402
:108B900001F0DAFB07EE900A67EE887A17EE900A8A
:108BA00001F062FB86194AEB010A1A4B9E427AF1E8
:108BB000FF33BCBF174E4FF0FF3A3246B6F1804F3D
:108BC0007AF10003A8BF6FF04042E26242F3CF3275
:108BD000628629462046FFF797FE03460E4A10801C
:108BE0000198184482B200B20028BCBFA2F5004030
:108BF00000B207EE903AF8EEE77A94ED157A67EE58
:108C0000877AFDEEE77AC4ED0F7A11B0BDEC028BE6
:108C1000BDE8F08F010000C0F41F002038B5054604
:108C20000C460021206BF9F78FFAE38C1B1A1B010D
:108C300063810121206BF9F787FA238D1B1A1B0131
:108C4000A3810221206BF9F77FFA638DC31A1B0100
:108C50009BB25A42E281B5F91420023A052A09D89A
:108C6000DFE802F003090D13171DA389C3EBC3331B
:108C70005B00EB8238BD63895B422B83FAE7638933
:108C8000C3EBC3335B006B83F4E7A3895B42AB8325
:108C9000F0E76389C3EBC3335B00EB83EAE72B8424
:108CA000E8E7D4D4D4D4D4D4D0B504464368D3EDC3
:108CB000007AB0EE087A67EE877A026892ED007A61
:108CC000C7EE876ADFED5E7A87EEA67A428A07EE04
:108CD000902AF8EEE77AF4EEC77AF1EE10FA04D5AE
:108CE000BCEEC77A17EE102A4282A28A618A9142AC
:108CF00088BF6282628A07EE902AF8EE677A93ED67
:108D0000007A67EE877A9FED4F7A67EE877A17EEE3
:108D1000900A01F03FFAD4E9022301F055FD06461E
:108D20000F46208A01F08CFB02460B46304639463E
:108D300001F026FA41EC100BC4E9080100F054FBE5
:108D400051EC100B3CA3D3E9002301F019FA41ECDC
:108D5000100B00F09DFD53EC102B00203A4901F060
:108D60003DFD01F095FA80B20F2828BF0F20A086A4
:108D7000012303FA00F001F063FBD4E9082301F0BA
:108D800023FD01F045FA2086638A07EE903AF8EE5B
:108D9000677A236893ED007A67EE877A9FED297AE8
:108DA00067EE877A17EE900A01F0F4F9D4E902230E
:108DB00001F00AFD06460F46208A01F041FB0246FB
:108DC0000B463046394601F0DBF906460F46A069EE
:108DD00001F036FB02460B463046394601F0D0F929
:108DE00041EC100BC4E90A0100F0FEFA51EC100B43
:108DF00011A3D3E9002301F0C3F941EC100B00F0FB
:108E000047FD53EC102B00200F4901F0E7FC01F067
:108E10003FFA80B20F2828BF0F20E086012303FA13
:108E200000F001F00DFBD4E90A2301F0CDFC01F0C4
:108E3000EFF96086D0BD00BFEF39FAFE422EE63F63
:108E40004CBE8C40D7B3DD3F00002A40D4D4D4D4EC
:108E5000F8B504460369B3F90050284601F0F0FA6A
:108E600006460F46B4F90A0001F0EAFA20A3D3E956
:108E7000002301F0A9FC02460B4630463946F7F7BD
:108E800093F918B194F83230C72B15D994F83230D1
:108E9000203324F81350002211462068FAF728FCEA
:108EA000002203212068FAF7A9FC002384F83C3053
:108EB000092384F83E30F8BD012203212068FAF727
:108EC0009DFCA28E00212068FAF712FC94F8323043
:108ED0002269B2F9001003F1200224F812100133C4
:108EE00084F83230012384F83C30E4E7AFF30080AB
:108EF000333333333333EB3F2DE9F04F9BB08146AF
:108F000090F83E30092B00F24E82DFE813F00A00A1
:108F10002C003C0070008000B400C400F800A501E3
:108F2000CA010369B3F90030B0F90A209A420DDB97
:108F3000828E013292B203899A4228BF1A468286F3
:108F400092B200210068FAF7D3FB2CE2826B118801
:108F5000B94A1180818EB94A1180B94A1380012320
:108F600080F83E301FE2B74A138801339BB213806A
:108F7000028E9A4280F01782B24B00221A8002239E
:108F800080F83E300FE20369B3F90060304601F02B
:108F900057FA04460D46B9F90A0001F051FA0022C9
:108FA000A94B01F011FC02460B4620462946F7F773
:108FB00009F968B1B9F8343013B1013BA9F834307C
:108FC000B9F834200021D9F80000FAF791FBEAE162
:108FD000D9F838301A88984B5A80B9F83420974B12
:108FE0005A80974B5E80032389F83E30DBE1954A37
:108FF000138801339BB21380028E9A4280F0D38192
:10900000904B00221A80042380F83E30CBE10369A4
:10901000B3F90060304601F013FA04460D46B9F981
:109020000A0001F00DFA0022884B01F0CDFB024648
:109030000B4620462946F7F7C5F868B1B9F8343031
:1090400013B1013BA9F83430B9F834200021D9F824
:109050000000FAF74DFBA6E1D9F838301A88764BB4
:109060009A80B9F83420754B9A80754B9E80052301
:1090700089F83E3097E1734A138801339BB213801D
:10908000028E9A4280F08F816E4B00221A80062356
:1090900080F83E3087E10369B3F90060304601F0A3
:1090A000CFF904460D46B9F90A0001F0C9F90022CA
:1090B000674B01F089FB02460B4620462946F7F72D
:1090C00081F868B1B9F8343013B1013BA9F83430F4
:1090D000B9F834200021D9F80000FAF709FB62E161
:1090E000D9F838301A88544BDA80B9F83420534B09
:1090F000DA80534BDE80072389F83E3053E1514A32
:10910000138801339BB21380028E9A4280F04B8108
:10911000002211460068FAF7EBFA4FF0000BC9F88D
:1091200014B099ED0A7B8DED007BB9F80800013091
:1091300001F086F9CDE90201404CDFF8FCA0DFF830
:109140000081CDF81490BAF90090B8F90050B4F944
:10915000000001F075F906460F46484601F070F927
:1091600002460B463046394601F02EFB06460F46B6
:1091700034F9023F3AF9020F03FB00F001F060F905
:1091800002460B463046394601F028FBDDE9002354
:1091900001F01AFB24A3D3E9002300F0F1FFDDE97D
:1091A000022300F0EDFF06460F4638F9020F281A99
:1091B00001F046F902460B4600F0EEFD1CA3D3E990
:1091C000002300F0DDFF02460B463046394600F032
:1091D000D7FF06460F46584600F0DCFF02460B4616
:1091E0003046394600F0D8FD01F0A0FB8346194B0C
:1091F0009C42A8D1DDF81490B0EE087A07EE900AF0
:10920000C7EE877AC9ED057A0023C9F818300B4BF1
:109210001B88A9F834300B4B00221A80082389F8E8
:109220003E30C0E0AFF300800000000000FEAF4021
:1092300000000000C0FFDF40E01F0020EC1F002006
:10924000F81F0020E81F00200000E83F0000E03F7A
:109250000000D03FF21F00200369B3F90020B0F9ED
:109260000C309A4200F39F805A4A13780133DBB2E4
:109270001370092B40F29780574B1B78092B06D8A7
:10928000012380F83C30534B00221A708BE00023FE
:10929000514A1370838680F83E30022380F83D30B7
:1092A000F1E74E4B1B78B0F90C100133DBB203F140
:1092B000200239F912208A42F7DB99F83250EC1A71
:1092C00004EBD474C4F34704A5EB040A5FFA8AFAEA
:1092D0000AF1200339F913B099ED057A07EE904AA7
:1092E000F8EEE77A27EE677AD9ED017AF8EEE77AB9
:1092F000C7EE277A17EE900A00F04CFF06460F469D
:1093000005F1200339F91300A0EB0B0001F098F8E8
:10931000CDE90001AAEB0404E4B2203439F91400C9
:10932000ABEB000001F08CF802460B46DDE90001D2
:1093300000F026FF41EC100B00F056F853EC102B18
:1093400025490C781AA901EBC4083046394600F0CB
:1093500017FF48E9140100231946DAB2203229F830
:1093600012100133DAB29542F7D200231B4A137070
:1093700089F832300134E4B2174B1C70092C15D82F
:10938000013C1AAB03EBC404D9F8180000F002FF4B
:1093900054E9142300F000FD01F0C8FAC9F81800E0
:1093A000082389F83E301BB0BDE8F08F013C1AABB2
:1093B00003EBC404D9F8180000F0ECFE54E91423C0
:1093C00000F0EAFC0022064B00F0DAFE01F0AEFAF3
:1093D000E4E700BF0320002002200020F61F002049
:1093E00000002440D4D4D4D4F0B503AF2DE9800FCD
:1093F0002DED0A4B54EC100BB4F5801F12DA24F05B
:109400000041014360D0B4F1FF3F40F306819FED7E
:10941000D20B214600F0F4F941EC100B0C466FF032
:10942000350000E00020EC498C420CDB51EC100BC5
:1094300002460B4600F0B0FC41EC180BB0EE480AB7
:10944000F0EE680A64E1A246E44900EB24506FF3B1
:109450001F5A514400EB1150A0F2FF3B01F4801061
:10946000DF495044414052EC100B9FEDBD0B00F022
:10947000C3F90546A01C0E466FF31F5002282DD8D5
:109480009FEDD18B2846314653EC182BF6F770FE32
:10949000002800F0CB80BBF1000FCFD0584600F081
:1094A000CFFF9FEDC70B04460D4600F0A9F99FEDD5
:1094B000C00B064688462046294600F0A1F93246F0
:1094C000434600F069FC21E10120BDEC0A4B01B0EC
:1094D000BDE8000FBDE8F04000F0A2B99FEDA20B7F
:1094E0002846314600F088F902460B4628463146A8
:1094F0000695079600F044FE02460B460390049141
:1095000001F062F902460B4606460C4601F05CF992
:109510009FED970B8046894600F072F99FED960B00
:1095200000F06AF900F062F99FED950B00F064F924
:1095300000F05CF99FED940B0546CDF814B08B4616
:109540004046494600F05CF99FED910B00F054F95C
:1095500000F04CF99FED900B00F04EF900F046F949
:109560009FED8F0B00F048F902460B46304621462E
:1095700001F02AF902460B4628465946059D00F09F
:109580000BFC814697488B469749A0EB0A00514453
:1095900041EA0004284600F053FF0E46012C0190DA
:1095A0007DDB02969FED840BDDF81880079C53EC61
:1095B000102B4046214601F007F902460B46404673
:1095C000214601F001F94A465B468246009100F0CF
:1095D000E3FB06468B46002D00F0A0809FED780B44
:1095E000DDF80490029953EC102B484601F0ECF89A
:1095F00044460546884600F007F92A46434600F0EF
:10960000CBFB00F007F9079B224601F0E7F89FED3E
:10961000680B04460D4648466FE0BDEC0A4B01B0AE
:10962000BDE8000FBDE8F04000F00AB99FED680BFF
:109630002846314600F0E4F89FED5F0B00F0DCF8BF
:1096400004468846284631462A46334601F0BCF88F
:109650002246434601F0B8F804468A46BBF1000FA3
:1096600065D0584600F0ECFE9FED4F0B80468946D2
:1096700000F0C6F802460B462046514600F08CFB2F
:109680002A46334601F0AAF89FED490B04460E46E0
:109690004046494600F0B4F82246334634E0DDF84F
:1096A00018A0DDF81C804A465B465046414601F052
:1096B00095F804468946002D40D09FED3B0BDDF820
:1096C00004B0314653EC102B584601F07DF8029659
:1096D00005460E4622464B46DDE9030101F074F8CB
:1096E0002A46334600F058FB5246434601F076F8CE
:1096F0009FED2F0B04460D46584653EC102B029954
:1097000001F062F822462B4601F068F841EC100B9C
:10971000BDEC0A4B01B0BDE8000FF0BD00F074F8DD
:1097200000F078F802460B464046214603E0284602
:1097300031462246534601F051F87DE6DDE903014A
:1097400022464B4601F040F802460B465046414641
:10975000DAE700BF00BF00BF000000000000504378
:10976000000000000000F0BF00000000000000400A
:109770009FC678D0099AC33FAF788E1DC571CC3F84
:1097800004FA97999999D93F44523EDF12F1C23FAA
:10979000DE03CB966446C73F599322942449D23FB7
:1097A000935555555555E53F763C7935EF39EABD2A
:1097B0000000E0FE422EE63F000000000000E03F17
:1097C000763C7935EF39EA3D0000000000000000EA
:1097D000555555555555D5BF0000F07F645F0900BC
:1097E0000000F03F51B8060086EBF9FF02460B4639
:1097F0004046494600F0E8BF53EC102B00F0CCBACD
:1098000053EC102B00F0E0BFDDE9030132465B466C
:1098100000F0DABF0B4600990246504600F0DEBF6A
:1098200003A1002808BF083191ED000B704700BF6D
:10983000000000000000F0FF000000000000F07FCA
:1098400080B56F4600F008F89FED010B80BD00BFAA
:10985000000000000000F87F51EC100B21F00041E7
:1098600051EA000204BF02207047B1F5801F3CBFDF
:1098700003207047054A91423CBF04207047514085
:109880000843B0FA80F04009704700BF0000F07F45
:10989000F0B503AF4DF804BD54EC105B40F212413B
:1098A000C4F30A50A0F2FF3688420AD840F2FE32D2
:1098B0002049904217D804F00040721C08BF0844A9
:1098C0001EE040F2334188421CD3284621462A46F6
:1098D000234600F061FAB6F5806F1CBF214628468A
:1098E00041EC100B23E01448F040204028431ED0E8
:1098F00001F140404FF40021F14030412144084043
:10990000002112E0A0F213414FF0FF3222FA01F1E0
:1099100029420CD040F23242101A012202FA00F021
:10992000401920EA010144F1000040EC101B5DF8F1
:1099300004BBF0BD0000F03FFFFF0F0080B200F558
:1099400000531BB2002BBCBFA0F5C04003B29A0964
:1099500003F03F035B02C3F50040084931F912C030
:109960000CFB00F0000C0004013231F9122003FB63
:10997000020040F3CF3020F00100704774AB0008C4
:109980000028BCBFA0F5004000B2820900F03F00F3
:109990004002C0F50043084931F912C00CFB03F343
:1099A0001B0C1B04013231F9122000FB023040F382
:1099B000CF3020F00100704774AB0008D4D4D4D469
:1099C0002DE9F04381B000265EEC101BC8F21006B2
:1099D0002EF000439F194C1E55EC110BB7414FF070
:1099E000010C25F000475FD3BC19B0EB0C0274EBFF
:1099F000060259D30A1A73EB07024FF0000207461A
:109A00002B46764638BF0122002A1FBF0F467346F9
:109A100001462E46C6F30A5C3446C3F30A59BCF12C
:109A2000000F6FF31F5461D0B9F1000F6FF31F5394
:109A300000F07E80E00085EA0E0840EA5175D8000B
:109A400040EA5770FB00BCEB090740F4000000F04F
:109A50008F803F2F00F28A80C7F14004C4F12002BA
:109A600000FA04FE23FA02F242EA0E0203FA04F4B8
:109A7000D7F1200E58BF03FA0EF258BF002422433C
:109A800023FA07F300FA0EF443EA040318BF012295
:109A9000B7F1200458BF20FA04F320FA07F043EA94
:109AA000020358BF002063E000244A1EC7F6F0748A
:109AB00073EB04020AD34EF4002040EC111BB0EE0D
:109AC000410AF0EE610A01B0BDE8F083421E77EB77
:109AD000040275D345F4002141EC110BB0EE410AAC
:109AE000F0EE610A01B0BDE8F08300BFB1FA81F287
:109AF0002032002C18BFB4FA84F2A2F10B0C04FA45
:109B00000CF8C2F12B0421FA04F444EA0804B2F17F
:109B10002B0058BF01FA00F401FA0CF1C2F10C0C51
:109B200058BF0021B9F1000F6FF31F537FF482AFCC
:109B3000B7FA87F02030002B18BFB3FA83F0A0F1FA
:109B40000B0903FA09F8C0F12B0327FA03F343EAE0
:109B50000803B0F12B0258BF07FA02F307FA09F71E
:109B6000C0F10C0958BF002764E700BF00200123A3
:109B700006F00044CF00B8F1FF3F45F400060FDDCA
:109B8000D91940EB0602D00158D55FEA520203F022
:109B900001004FEA310101430CF1010C4EE000BF1E
:109BA000F91A66EB00027B407040184328D19FED04
:109BB000761BB0EE410AF0EE610A01B0BDE8F08319
:109BC00083EA04020A4340F09F80BCF1010380EA6B
:109BD000010085EA0E0266F580177A4058409FED35
:109BE0006C0B104350EC102B1CBF70460A4640EC27
:109BF000112BB0EE410AF0EE610A01B0BDE8F0832E
:109C00000020B0EBD25F19D1B1FA81F02030002AE8
:109C100018BFB2FA82F0A0F10803C0F128079A40F9
:109C200021FA07F73A43283858BF01FA00F201FA3F
:109C300003F1ACEB030C58BF002111E040F2FF70C0
:109C400084450DDB44F0E04040F07F60002140ECB3
:109C5000111BB0EE410AF0EE610A01B0BDE8F083DD
:109C6000BCF1000F2EDC6FF01E060CF13F03A6EBDB
:109C70000C0602FA03F721FA06F52F4301FA03F363
:109C8000CCF101001CF11F0558BF01FA05F758BFC0
:109C900000233B4322FA00F721FA00F1C0F1200033
:109CA00002FA00F018BF0123002E40EA010058BF5D
:109CB0000027002E58BF22FA06F040EA03014FF0B9
:109CC000000C3A46C80840EA4275C2F3D30040EAA5
:109CD0000C5001F0070740EA040600F067F802287C
:109CE0002ED0012822D0B0BB681C46F10001042F01
:109CF0009CBF284631463BD105F001002D1846F1A6
:109D0000000600F05FF82AE087EA040202433FF40D
:109D1000D6AE51EA03022FD0B0EE401A50EA070245
:109D2000F0EE601A7FF466AEC9E600BF002C38463C
:109D300018BF0124002F18BF0120204008E000BFF9
:109D4000B4FA84F040093946002F18BF01210840B9
:109D50002D1846F10006002F18BF00F033F846EC2E
:109D6000115BB0EE410AF0EE610A01B0BDE8F0838C
:109D700005460E46EFE700BF50EA07027FF49FAEAC
:109D8000084005EA0E01A7E6000000000000000000
:109D9000000000000000F87F80B541EC100B43ECA0
:109DA000112BFFF70DFE51EC100B80BDF1EE100AE8
:109DB0000349C0F38150794451F82000704700BF37
:109DC000BE110000F1EE100A40F010010020E1EE9B
:109DD000101A7047D4D4D4D42DE9F04F85B054EC88
:109DE000109B51EC11ABC4F30A5281EA04034FF605
:109DF000020603F0004C23460D46A2F2FF77CFF691
:109E0000FF76C1F30A586FF31F53B7426FF31F5524
:109E1000C0F08A804FF60106A8F2FF77CFF6FF76F2
:109E2000B74240F28180CDE90282CDF810C0002017
:109E3000009045F480114FEA5A50019140EAC12048
:109E40004FF23331C7F20451091AA0FB01456C42AD
:109E5000A4FB0114C90F41EA4401A1FB00456C4277
:109E6000A1FB0414C90F41EA4401A1FB00456C4267
:109E7000A1FB0414C90F41EA44014FEACA25013984
:109E8000A5FB01450024E0FB01540026D5F10100AB
:109E900066EB0404A1FB0445A0FB0101C00F6D00AB
:109EA00040EA410045EAD47510EB440045EBD1711E
:109EB000E1384FEA4908A0FB084C43F4801461F1F3
:109EC00000076300A7FB08BE43EAD9750023E7FB40
:109ED00005E3A0FB0507DDE9022110EB0C00A1EB77
:109EE000020246F1000117EB0E0743F1000310EBED
:109EF0000B0057EB0100009943F10003B6EB535FF1
:109F000001EB020622D1019FA0FB0A1200FB0722EF
:109F10004FEA495403FB0A22D1F1000B64EB020122
:109F200006F2FE3627E000BFB9F1010740F2000754
:109F300024F00046C7F6F07776EB070038D344F4F8
:109F4000002040EC109B05B0BDE8F08F5FEA5303A2
:109F50004FEA3000019FA0FB0A1200FB07224FEAE4
:109F6000095503FB0A22D1F1000B06F2FF3665EB1F
:109F70000201C8462546DDF810C040F2FF72B9461E
:109F8000964209DB4CF0E04040F07F60002140EC5D
:109F9000101B05B0BDE8F08F012E27DB6FF31F53B8
:109FA000490043EA065241EADB714FEA4B0354E0B1
:109FB00021F00044BAF1010074EB070006D341F42C
:109FC000002040EC10AB05B0BDE8F08F86EA07003A
:109FD00050EA09005CD184EA070050EA0A0040F028
:109FE000AF809FED650B05B0BDE8F08F16F1350F22
:109FF00053DDC6F101016FF01E02971B23FA01F237
:10A0000020FA01F0C1F1200103FA01F140EA010058
:10A0100058BF0022002F58BF23FA07F0AAFB0013F5
:10A020000AFB02336FF0130406F13407A41B09FB8B
:10A030000033BD4028FA04F42543143608FA07F724
:10A040004FEA430358BF08FA06F558BF002743EA12
:10A05000D176B7EB410365EB060100F00107DB1990
:10A0600041F10001BAEB030379EB01014FF000016C
:10A0700038BF0121431C42F10007002904BF0346F9
:10A08000174647EA0C0040EC103B05B0BDE8F08FE6
:10A0900084EA070050EA0A0006D100204CEC100BBD
:10A0A00005B0BDE8F08F00BF59EA060050D05AEA6B
:10A0B000040045D00021B1EB165F4FF000071AD124
:10A0C000B9FA89F02030002B18BFB3FA83F0A0F161
:10A0D0000B07C0F12B06BB4029FA06F63343B0F15B
:10A0E0002B0658BF09FA06F309FA07F9C0F10C0765
:10A0F00058BF4FF00009B1EB145FCDF810C0CDE9A7
:10A10000028235D1BAFA8AF02030002D18BFB5FA94
:10A1100085F0A0F10B0105FA01F6C0F12B052AFA32
:10A1200005F53543B0F12B06384458BF0AFA06F559
:10A130000AFA01FAA0F10C0058BF4FF0000A77E6C6
:10A140004CEA0700002140EC101B05B0BDE8F08F81
:10A150009FED090B5AEA040151EC103B4FF000004F
:10A160001CBF6146034641EC103B05B0BDE8F08FD3
:10A1700000975EE600BF00BF000000000000F87F0F
:10A1800080B541EC100B43EC112BFFF725FE51EC91
:10A19000100B80BD0246C0F3C7516FF3DF5239B1D7
:10A1A000FF2921D1D308520740F2FF7127E000BFF9
:10A1B00012B380B5B2FA82F340F28931C91A03F1C1
:10A1C000150CB3F10B0EC3F10B0322FA03F358BFC6
:10A1D00002FA0EF302FA0CF283F4801358BF002245
:10A1E000BDE880400BE000BFC10DC9B201F5607150
:10A1F000D308520703E000BF00220023002100F033
:10A20000004040EA015040EA030110467047D4D4B0
:10A21000C1F30A5240F2FF339A423CBF002070471C
:10A22000A2F21F4313F1210F9EBF6FF0004080EA9E
:10A23000E170704780B540F233434FF0010C8E4619
:10A240009B1A6CF31F5ED840C3F120030EFA03F390
:10A25000184340F213439A1A58BF2EFA02F0B1F194
:10A26000FF3FD8BF404280BD00EE100AB5EE400A65
:10A27000F1EE10FA58BF00F033B880B5B1EE400AE5
:10A2800000F02EF840424FF0000262EB010180BD69
:10A2900000294FF0000221D4C1F30A5C40F2FF33E1
:10A2A0009C451BD3ACF21F4212F1200F3CBF4FF074
:10A2B000FF307047012262F31F5140F23342A2EB9C
:10A2C0000C02D040C2F1200201FA02F2024340F235
:10A2D0001340B0EB0C0058BF21FA00F21046704753
:10A2E00070B5B5EE400AF1EE10FA21D910EE100A61
:10A2F000FFF750FF9FED100B054653EC102B0E4659
:10A3000000F062FAFFF7C4FF044600F0CDF89FEDBD
:10A310000C0B53EC102B00F057FA02460B46284664
:10A320003146FFF739FDFFF7B3FF214670BD00BF8F
:10A330000020002170BD00BF000000000000F03DC3
:10A34000000000000000F0C150EA01021CD080EAC9
:10A35000E17081EAE173B0EBE17263EBE173B2FAB1
:10A3600082F02030002B18BFB3FA83F027284FEA81
:10A37000E17C0FD8262840D0272813D1590041EA84
:10A38000D273520039E000BF9FED2C0A10EE100A84
:10A39000704700BFA0F128018A40B0F1480158BFC2
:10A3A000002235E070B5C0F12601C1F1200422FA87
:10A3B00001FE03FA04F44EEA040ED0F1060400F1A3
:10A3C0001A0558BF23FA04FE03FA05F623FA01F32F
:10A3D00022FA04F141EA060158BF0023841F58BF46
:10A3E00002FA04F102FA05F258BF0022114318BF25
:10A3F00001214EEA0102BDE87040C2F38001114321
:10A40000013143F100024B0104D4890841EA827210
:10A410003F2303E0C90841EA427240230CF00041A7
:10A420006FF3DF52181A114441EAC05000F17E5018
:10A4300000EE100A10EE100A704700BF0000000086
:10A44000002827D0014648BF414280B5B1FA81F2C9
:10A45000C2F10B0321FA03F300F0004C02F1150ED8
:10A46000B2F10B0058BF01FA00F301FA0EF083F4C9
:10A47000801140F21E43A3EB020201EB025141EABC
:10A480000C0158BF002041EC100BBDE8804051EC9E
:10A49000100B70479FED020B51EC100B704700BF83
:10A4A000000000000000000000B3B0FA80F181F06D
:10A4B0001F02C2F13403D2F1140CC3F1200220FABE
:10A4C00002F258BF00FA0CF200FA03F040F21E4309
:10A4D00082F48012A3EB010102EB015158BF00206E
:10A4E00041EC100B51EC100B704700BF9FED020BBD
:10A4F00051EC100B704700BF00000000000000008E
:10A500002DE9F04F54EC103B56EC110BC4F30A59F3
:10A5100086EA04014FF6020701F0004C2246354658
:10A52000A9F2FF71CFF6FF77C6F30A5E6FF31F52F1
:10A53000B9426FF31F554DD34FF60107AEF2FF71CD
:10A54000CFF6FF77B94245D94FF0000AED02C102BC
:10A5500045EA505042F48012A1FB038740F00040CE
:10A560000026A1FB0214E0FB0246A0FB03354FF0DE
:10A57000004BC9194BF10047641946F10005CA1890
:10A5800054EB070309EB0E0145F100055144EF02BE
:10A59000A1F2FF312ED45F006E0046EAD37547EA80
:10A5A000D273520042EAD8724FEA480840F2FF776D
:10A5B000B94224DA002945DD6FF31F5545EA015100
:10A5C000D8F100007BEB020041EA0C0180F09080A2
:10A5D000013395E040F2000824F00047591EC7F609
:10A5E000F07877EB080113D344F4002040EC103BE3
:10A5F000BDE8F08F013140F2FF77B942DADB4CF071
:10A60000E04040F07F60002140EC101BBDE8F08F7F
:10A6100026F00044411E74EB080105D346F40021E6
:10A6200041EC100BBDE8F08F87EA080119436DD1AA
:10A63000204372D04CEA0800002140EC101BBDE81A
:10A64000F08F00BFC1F101063F2E71D86FF01E04DC
:10A6500001F13F07A4EB010902FA07FE28FA09F409
:10A6600044EA0E041F3158BF08FA01F408FA07F053
:10A6700058BF002050EA040A05FA07FE23FA09F43D
:10A6800044EA0E04C6F1200918BF4FF0010A002960
:10A6900058BF03FA01F403FA07F128FA06FE02FA9A
:10A6A00009F758BF002147EA0E07B6F1200058BF4E
:10A6B00022FA00F741EA070122FA06F241EA0A0803
:10A6C00023FA06F105FA09F358BF00220B4325FAD5
:10A6D00006F12243002858BF25FA00F358BF002195
:10A6E000D8F100007BEB020041EA0C01FFF470AFEF
:10A6F00082EA0B0050EA080004D103F001001B18A5
:10A7000041F1000141EC103BBDE8F08F84EA080103
:10A71000014307D153EA07008CD19FED290BBDE817
:10A72000F08F00BF53EA070118BF50EA040105D1BA
:10A7300000204CEC100BBDE8F08F00BF4FF000087C
:10A74000B8EB175F4FF0000A19D1B3FA83F120314B
:10A75000002A18BFB2FA82F1A1F10B06C1F12B0752
:10A76000B24023FA07F73A43B1F12B0758BF03FA77
:10A7700007F203FA06F3C1F10C0A58BF0023B8EB45
:10A78000145F7FF4E3AEB0FA80F12031002D18BFE2
:10A79000B5FA85F1A1F10B04C1F12B07A54020FA10
:10A7A00007F73D43B1F12B07AAEB010158BF00FAAF
:10A7B00007F500FA04F001F10C0A58BF0020C5E6C5
:10A7C000000000000000F87F80B541EC100B43EC66
:10A7D000112BFFF795FE51EC100B80BD80B582B0B8
:10A7E00043EC102B8DED000B9DF8072041EC100B76
:10A7F00082F080008DF807009DED001BFFF7E0F868
:10A8000051EC100B02B080BDB0B554EC103BC4F35A
:10A810000A522146A2F28130FD286FF31F5109D858
:10A82000580F23F06043B3F1805F40EAC10117D9AC
:10A83000013119E053EA01000AD040F2FF70824270
:10A8400006D1580F40EAC10040F48001FF2215E014
:10A8500040F27E40824219D9FF2200210EE000BF63
:10A8600004BF01F001000144C80D4FF68040CFF64F
:10A87000FF7018BF002118BF0130024404F00040EF
:10A8800040EAC250084300EE100AB0BD40F2813EDB
:10A89000002A0CBF4FF4607E01F58011AEEB020C74
:10A8A000BCF1340F02DD00210022E7E7964501D11B
:10A8B000002215E0CCF14005C5F1200201FA05FEA9
:10A8C00023FA02F242EA0E02DCF1200058BF03FA3A
:10A8D00000F203FA05F058BF0020024318BF01221E
:10A8E00023FA0CF0CCF1200301FA03F31843BCF176
:10A8F000200358BF21FA03F021FA0CF14FEA5073FC
:10A9000020F0604058BF00211043B0F1805F43EA5F
:10A91000C10101D9013103E004BF01F0010001448C
:10A92000CA0D1CBF012281F40001A7E780B541ECEC
:10A93000100BFFF769FF10EE100A80BD70B55EECDA
:10A94000102B00242EF000415042C7F6F07474EB37
:10A9500001004FF0010027D35CEC113B2CF00045C7
:10A960005E42AC4138BF70BD43EA02002943084350
:10A970000AD01CEA0E0009D4D01A7EEB0C00BCBF32
:10A980004FF0FF3070BD08E0002070BD981A7CEBDE
:10A990000E00BCBF4FF0FF3070BD82EA03008EEAAC
:10A9A0000C01084318BF012070BDD4D470B55EEC13
:10A9B000102B00242EF000415042C7F6F07474EBC7
:10A9C00001004FF0FF3027D35CEC113B2CF0004529
:10A9D0005E42AC4138BF70BD43EA020029430843E0
:10A9E0000AD01CEA0E0009D4D01A7EEB0C00BCBFC2
:10A9F0004FF0FF3070BD08E0002070BD981A7CEB6E
:10AA00000E00BCBF4FF0FF3070BD82EA03008EEA3B
:0CAA10000C01084318BF012070BDD4D415
:10AA1C000000000000000000010203040607080902
:10AA2C0000000000000000000102030406070809F2
:10AA3C0000000000010203040000000001020304F6
:10AA4C0002040608020C0810676574204576656ED2
:10AA5C00745F53746F72616765004572726F723AFE
:10AA6C0020707454686973206973204E554C4C2EB9
:10AA7C000A004572726F723A2070745468697320C0
:10AA8C006F72207074546869732D3E7074426173D8
:10AA9C0065206973204E554C4C2E0A004572726F1E
:10AAAC00723A20707454686973206F7220707454F9
:10AABC006869732D3E707444617461206973204E13
:10AACC00554C4C2E0A004572726F723A20707454B9
:10AADC006869732D3E707442617365206973204EF2
:10AAEC00554C4C2E002E2E2F2E2E2F676D73692F4A
:10AAFC006773746F726167652E63006765742045B8
:10AB0C0076656E745F47657444617461002E2E2FF8
:10AB1C002E2E2F676D73692F67636F726F75746953
:10AB2C006E652E63004572726F723A2070745468B1
:10AB3C006973206F72207074436667206973204EAE
:10AB4C00554C4C2E0041543332463431335F4D4C0E
:10AB5C005F56322E312E3200000000000000000043
:10AB6C000000000000000000000092012403B60465
:10AB7C004806D9076B09FB0A8C0C1C0EAB0F3A115B
:10AB8C00C8125514E2156E17F918831A0C1C931D74
:10AB9C001A1F9F202422A7232825A8262728A4296A
:10ABAC001F2B992C112E872FFC306E32DF334E3534
:10ABBC00BA3625388D39F33A573CB83D173F7440B7
:10ABCC00CE4126437B44CD451D476A48B449FB4AD8
:10ABDC00404C814DC04EFB4F345169529B53CA546B
:10ABEC00F6551E5743586459825A9D5BB45CC85D38
:10ABFC00D75EE45FEC60F161F262EF63E964DE65FD
:10AC0C00D066BD67A7688C696E6A4B6B246CF96C57
:10AC1C00CA6D976E5F6F2370E3709E7155720873E7
:10AC2C00B67360740575A6754276D9766C77FB772A
:10AC3C0085780A798A79067A7D7AEF7A5D7BC67B8C
:10AC4C002A7C897CE47C3A7D8A7DD67D1E7E607E62
:10AC5C009D7ED67E0A7F387F627F877FA77FC27FEB
:10AC6C00D97FEA7FF67FFE7FFF7FFE7FF67FEA7F4C
:10AC7C00D97FC27FA77F877F627F387F0A7FD67E8E
:10AC8C009D7E607E1E7ED67D8A7D3A7DE47C897CAD
:10AC9C002A7CC67B5D7BEF7A7D7A067A8A790A7983
:10ACAC008578FB776C77D9764276A67505756074D6
:10ACBC00B673087355729E71E37023705F6F976E55
:10ACCC00CA6DF96C246C4B6B6E6A8C69A768BD6796
:10ACDC00D066DE65E964EF63F262F161EC60E45F1B
:10ACEC00D75EC85DB45C9D5B825A645943581E574D
:10ACFC00F655CA549B5369523451FB4FC04E814D8B
:10AD0C00404CFB4AB4496A481D47CD457B44264319
:10AD1C00CE417440173FB83D573CF33A8D39253836
:10AD2C00BA364E35DF336E32FC30872F112E992C0C
:10AD3C001F2BA4292728A8262825A72324229F20B7
:10AD4C001A1F931D0C1C831AF9186E17E215551453
:10AD5C00C8123A11AB0F1C0E8C0CFB0A6B09D907ED
:10AD6C004806B6042403920100006EFEDCFC4AFB8C
:10AD7C00B8F927F895F605F574F3E4F155F0C6EE3D
:10AD8C0038EDABEB1EEA92E807E77DE5F4E36DE204
:10AD9C00E6E061DFDCDD59DCD8DA58D9D9D75CD6EE
:10ADAC00E1D467D3EFD179D004CF92CD21CCB2CA04
:10ADBC0046C9DBC773C60DC5A9C348C2E9C08CBF61
:10ADCC0032BEDABC85BB33BAE3B896B74CB605B520
:10ADDC00C0B37FB240B105B0CCAE97AD65AC36AB6D
:10ADEC000AAAE2A8BDA79CA67EA563A44CA338A280
:10ADFC0029A11CA0149F0F9E0E9D119C179B229A9B
:10AE0C0030994398599774969295B594DC9307931F
:10AE1C0036926991A190DD8F1D8F628EAB8DF88C6F
:10AE2C004A8CA08BFB8A5A8ABE892789948805880C
:10AE3C007B87F6867686FA8583851185A3843A848A
:10AE4C00D68377831C83C68276822A82E281A08194
:10AE5C0063812A81F680C8809E80798059803E80EB
:10AE6C00278016800A800280008002800A8016806B
:10AE7C0027803E80598079809E80C880F6802A8108
:10AE8C006381A081E2812A827682C6821C837783C9
:10AE9C00D6833A84A38411858385FA857686F686D3
:10AEAC007B87058894882789BE895A8AFB8AA08B60
:10AEBC004A8CF88CAB8D628E1D8FDD8FA1906991C1
:10AECC0036920793DC93B594929574965997439860
:10AEDC003099229A179B119C0E9D0F9E149F1CA0BB
:10AEEC0029A138A24CA363A47EA59CA6BDA7E2A869
:10AEFC000AAA36AB65AC97ADCCAE05B040B17FB20B
:10AF0C00C0B305B54CB696B7E3B833BA85BBDABC5B
:10AF1C0032BE8CBFE9C048C2A9C30DC573C6DBC71E
:10AF2C0046C9B2CA21CC92CD04CF79D0EFD167D328
:10AF3C00E1D45CD6D9D758D9D8DA59DCDCDD61DF5D
:10AF4C00E6E06DE2F4E37DE507E792E81EEAABEBA1
:10AF5C0038EDC6EE55F0E4F174F305F595F627F8E7
:10AF6C00B8F94AFBDCFC6EFE00000000000000009B
:0CAF7C00020000000100000003000000C3
:04000005080082A9C4
:00000001FF
